-- phpMyAdmin SQL Dump
-- version 3.4.11.1deb2
-- http://www.phpmyadmin.net
--
-- Хост: localhost
-- Время создания: Май 13 2014 г., 11:03
-- Версия сервера: 5.5.37
-- Версия PHP: 5.4.4-14+deb7u9

SET SQL_MODE="NO_AUTO_VALUE_ON_ZERO";
SET time_zone = "+00:00";


/*!40101 SET @OLD_CHARACTER_SET_CLIENT=@@CHARACTER_SET_CLIENT */;
/*!40101 SET @OLD_CHARACTER_SET_RESULTS=@@CHARACTER_SET_RESULTS */;
/*!40101 SET @OLD_COLLATION_CONNECTION=@@COLLATION_CONNECTION */;
/*!40101 SET NAMES utf8 */;

-- --------------------------------------------------------

--
-- Структура таблицы `nja_const`
--

CREATE TABLE IF NOT EXISTS `nja_const` (
  `const` varchar(120) NOT NULL,
  `value` varchar(120) NOT NULL,
  PRIMARY KEY (`const`)
) ENGINE=MyISAM DEFAULT CHARSET=utf8;

--
-- Дамп данных таблицы `nja_const`
--

INSERT INTO `nja_const` (`const`, `value`) VALUES
('yan8', '20'),
('rub8', '8'),
('sap8', '5'),
('top8', '2'),
('iz8', '1'),
('yash8', '0'),
('gvg_in', '1'),
('gvg_out', '-1'),
('yan9', '80'),
('rub9', '70'),
('sap9', '30'),
('top9', '10'),
('iz9', '0'),
('yash9', '0'),
('gtz_in', '0'),
('gtz_out', '0'),
('yan10', '0'),
('rub10', '0'),
('sap10', '60'),
('top10', '0'),
('iz10', '0'),
('yash10', '0'),
('remeslo_in', '1'),
('remeslo_out', '-5'),
('yan11', '0'),
('rub11', '0'),
('sap11', '300'),
('top11', '50'),
('iz11', '0'),
('yash11', '0'),
('mirpit_in', '0.5'),
('mirpit_out', '0'),
('yan12', '0'),
('rub12', '0'),
('sap12', '0'),
('top12', '0'),
('iz12', '0'),
('yash12', '0'),
('dcd_in', '0'),
('dcd_out', '0'),
('book', '25'),
('pvo', '200'),
('emblema', '0'),
('nis', '100'),
('fond', '30');

-- --------------------------------------------------------

--
-- Структура таблицы `nja_dcd`
--

CREATE TABLE IF NOT EXISTS `nja_dcd` (
  `id` int(11) NOT NULL AUTO_INCREMENT,
  `uid` mediumint(9) NOT NULL,
  `date` date NOT NULL,
  `ball` float NOT NULL,
  PRIMARY KEY (`id`)
) ENGINE=MyISAM DEFAULT CHARSET=utf8 AUTO_INCREMENT=1 ;

-- --------------------------------------------------------

--
-- Структура таблицы `nja_dcd_profit`
--

CREATE TABLE IF NOT EXISTS `nja_dcd_profit` (
  `date` date NOT NULL,
  `cost` text NOT NULL,
  `online` text NOT NULL,
  `users` text NOT NULL,
  PRIMARY KEY (`date`)
) ENGINE=MyISAM DEFAULT CHARSET=utf8;

-- --------------------------------------------------------

--
-- Структура таблицы `nja_gtz`
--

CREATE TABLE IF NOT EXISTS `nja_gtz` (
  `id` int(11) NOT NULL AUTO_INCREMENT,
  `uid` int(11) NOT NULL,
  `date` date NOT NULL,
  `ball` float DEFAULT NULL,
  `text` text,
  PRIMARY KEY (`id`),
  KEY `uid` (`uid`)
) ENGINE=MyISAM  DEFAULT CHARSET=utf8 AUTO_INCREMENT=701 ;

--
-- Дамп данных таблицы `nja_gtz`
--

INSERT INTO `nja_gtz` (`id`, `uid`, `date`, `ball`, `text`) VALUES
(628, 108, '2012-05-09', 3.23, 'Присутствовал. Янтарь: 3; '),
(504, 40, '2012-04-25', 4.94, 'Присутствовал. Янтарь: 6; '),
(287, 51, '2012-03-28', -4.9, 'Отсутствовал. Янтарь: 7; '),
(685, 52, '2012-05-23', 5.38, 'Присутствовал. Янтарь: 5; '),
(686, 54, '2012-05-23', 5.38, 'Присутствовал. Янтарь: 5; '),
(627, 110, '2012-05-09', 3.23, 'Присутствовал. Янтарь: 3; '),
(284, 92, '2012-03-28', 4.9, 'Присутствовал. Янтарь: 7; '),
(283, 80, '2012-03-28', 4.9, 'Присутствовал. Янтарь: 7; '),
(282, 79, '2012-03-28', 4.9, 'Присутствовал. Янтарь: 7; '),
(281, 78, '2012-03-28', 4.9, 'Присутствовал. Янтарь: 7; '),
(280, 74, '2012-03-28', 4.9, 'Присутствовал. Янтарь: 7; '),
(279, 72, '2012-03-28', 4.9, 'Присутствовал. Янтарь: 7; '),
(278, 67, '2012-03-28', 4.9, 'Присутствовал. Янтарь: 7; '),
(277, 59, '2012-03-28', 4.9, 'Присутствовал. Янтарь: 7; '),
(276, 54, '2012-03-28', 4.9, 'Присутствовал. Янтарь: 7; '),
(275, 49, '2012-03-28', 4.9, 'Присутствовал. Янтарь: 7; '),
(274, 48, '2012-03-28', 4.9, 'Присутствовал. Янтарь: 7; '),
(273, 43, '2012-03-28', 4.9, 'Присутствовал. Янтарь: 7; '),
(272, 40, '2012-03-28', 4.9, 'Присутствовал. Янтарь: 7; '),
(271, 29, '2012-03-28', 4.9, 'Присутствовал. Янтарь: 7; '),
(270, 24, '2012-03-28', 4.9, 'Присутствовал. Янтарь: 7; '),
(269, 21, '2012-03-28', 4.9, 'Присутствовал. Янтарь: 7; '),
(502, 25, '2012-04-25', 4.94, 'Присутствовал. Янтарь: 6; '),
(267, 19, '2012-03-28', 4.9, 'Присутствовал. Янтарь: 7; '),
(268, 20, '2012-03-28', 4.9, 'Присутствовал. Янтарь: 7; '),
(434, 106, '2012-04-04', -3, 'Отсутствовал. Янтарь: 6; '),
(574, 95, '2012-05-02', -7.54, 'Отсутствовал. Янтарь: 7; '),
(432, 51, '2012-04-04', -3, 'Отсутствовал. Янтарь: 6; '),
(430, 25, '2012-04-04', -3, 'Отсутствовал. Янтарь: 6; '),
(429, 104, '2012-04-04', 3, 'Присутствовал. Янтарь: 6; '),
(428, 94, '2012-04-04', 3, 'Присутствовал. Янтарь: 6; '),
(625, 92, '2012-05-09', 3.23, 'Присутствовал. Янтарь: 3; '),
(426, 92, '2012-04-04', 3, 'Присутствовал. Янтарь: 6; '),
(425, 91, '2012-04-04', 3, 'Присутствовал. Янтарь: 6; '),
(424, 80, '2012-04-04', 3, 'Присутствовал. Янтарь: 6; '),
(423, 79, '2012-04-04', 3, 'Присутствовал. Янтарь: 6; '),
(422, 78, '2012-04-04', 3, 'Присутствовал. Янтарь: 6; '),
(420, 72, '2012-04-04', 3, 'Присутствовал. Янтарь: 6; '),
(421, 74, '2012-04-04', 3, 'Присутствовал. Янтарь: 6; '),
(476, 19, '2012-04-18', 11.53, 'Присутствовал. ПВО: 1; Янтарь: 4; '),
(417, 59, '2012-04-04', 3, 'Присутствовал. Янтарь: 6; '),
(419, 67, '2012-04-04', 3, 'Присутствовал. Янтарь: 6; '),
(691, 19, '2012-05-23', -5.38, 'Отсутствовал. Янтарь: 5; '),
(474, 106, '2012-04-11', -1.65, 'Отсутствовал. Янтарь: 4; '),
(573, 78, '2012-05-02', -7.54, 'Отсутствовал. Янтарь: 7; '),
(684, 45, '2012-05-23', 5.38, 'Присутствовал. Янтарь: 5; '),
(471, 27, '2012-04-11', -1.65, 'Отсутствовал. Янтарь: 4; '),
(470, 25, '2012-04-11', -1.65, 'Отсутствовал. Янтарь: 4; '),
(469, 104, '2012-04-11', 1.65, 'Присутствовал. Янтарь: 4; '),
(468, 94, '2012-04-11', 1.65, 'Присутствовал. Янтарь: 4; '),
(626, 102, '2012-05-09', 3.23, 'Присутствовал. Янтарь: 3; '),
(466, 92, '2012-04-11', 1.65, 'Присутствовал. Янтарь: 4; '),
(465, 91, '2012-04-11', 1.65, 'Присутствовал. Янтарь: 4; '),
(418, 60, '2012-04-04', 3, 'Присутствовал. Янтарь: 6; '),
(680, 29, '2012-05-23', 5.38, 'Присутствовал. Янтарь: 5; '),
(463, 80, '2012-04-11', 1.65, 'Присутствовал. Янтарь: 4; '),
(462, 79, '2012-04-11', 1.65, 'Присутствовал. Янтарь: 4; '),
(461, 78, '2012-04-11', 1.65, 'Присутствовал. Янтарь: 4; '),
(460, 74, '2012-04-11', 1.65, 'Присутствовал. Янтарь: 4; '),
(459, 72, '2012-04-11', 1.65, 'Присутствовал. Янтарь: 4; '),
(458, 67, '2012-04-11', 1.65, 'Присутствовал. Янтарь: 4; '),
(416, 54, '2012-04-04', 3, 'Присутствовал. Янтарь: 6; '),
(503, 29, '2012-04-25', 4.94, 'Присутствовал. Янтарь: 6; '),
(501, 24, '2012-04-25', 4.94, 'Присутствовал. Янтарь: 6; '),
(187, 80, '2012-04-12', 1.04, 'За присутствие'),
(411, 43, '2012-04-04', 3, 'Присутствовал. Янтарь: 6; '),
(414, 49, '2012-04-04', 3, 'Присутствовал. Янтарь: 6; '),
(413, 48, '2012-04-04', 3, 'Присутствовал. Янтарь: 6; '),
(457, 60, '2012-04-11', 1.65, 'Присутствовал. Янтарь: 4; '),
(456, 59, '2012-04-11', 1.65, 'Присутствовал. Янтарь: 4; '),
(455, 54, '2012-04-11', 1.65, 'Присутствовал. Янтарь: 4; '),
(453, 52, '2012-04-11', 1.65, 'Присутствовал. Янтарь: 4; '),
(452, 51, '2012-04-11', 1.65, 'Присутствовал. Янтарь: 4; '),
(451, 50, '2012-04-11', 1.65, 'Присутствовал. Янтарь: 4; '),
(450, 49, '2012-04-11', 1.65, 'Присутствовал. Янтарь: 4; '),
(449, 48, '2012-04-11', 1.65, 'Присутствовал. Янтарь: 4; '),
(448, 44, '2012-04-11', 1.65, 'Присутствовал. Янтарь: 4; '),
(290, 94, '2012-03-28', -4.9, 'Отсутствовал. Янтарь: 7; '),
(412, 44, '2012-04-04', 3, 'Присутствовал. Янтарь: 6; '),
(410, 40, '2012-04-04', 3, 'Присутствовал. Янтарь: 6; '),
(409, 29, '2012-04-04', 3, 'Присутствовал. Янтарь: 6; '),
(408, 24, '2012-04-04', 3, 'Присутствовал. Янтарь: 6; '),
(407, 21, '2012-04-04', 3, 'Присутствовал. Янтарь: 6; '),
(406, 20, '2012-04-04', 3, 'Присутствовал. Янтарь: 6; '),
(405, 19, '2012-04-04', 3, 'Присутствовал. Янтарь: 6; '),
(572, 74, '2012-05-02', -7.54, 'Отсутствовал. Янтарь: 7; '),
(403, 5, '2012-04-04', 3, 'Присутствовал. Янтарь: 6; '),
(500, 20, '2012-04-25', 4.94, 'Присутствовал. Янтарь: 6; '),
(447, 43, '2012-04-11', 1.65, 'Присутствовал. Янтарь: 4; '),
(446, 40, '2012-04-11', 1.65, 'Присутствовал. Янтарь: 4; '),
(445, 38, '2012-04-11', 1.65, 'Присутствовал. Янтарь: 4; '),
(444, 33, '2012-04-11', 1.65, 'Присутствовал. Янтарь: 4; '),
(443, 29, '2012-04-11', 1.65, 'Присутствовал. Янтарь: 4; '),
(442, 24, '2012-04-11', 1.65, 'Присутствовал. Янтарь: 4; '),
(441, 21, '2012-04-11', 1.65, 'Присутствовал. Янтарь: 4; '),
(440, 20, '2012-04-11', 1.65, 'Присутствовал. Янтарь: 4; '),
(439, 19, '2012-04-11', 1.65, 'Присутствовал. Янтарь: 4; '),
(689, 80, '2012-05-23', 5.38, 'Присутствовал. Янтарь: 5; '),
(437, 5, '2012-04-11', 1.65, 'Присутствовал. Янтарь: 4; '),
(499, 19, '2012-04-25', 4.94, 'Присутствовал. Янтарь: 6; '),
(477, 20, '2012-04-18', 11.53, 'Присутствовал. ПВО: 1; Янтарь: 4; '),
(478, 24, '2012-04-18', 11.53, 'Присутствовал. ПВО: 1; Янтарь: 4; '),
(479, 33, '2012-04-18', 11.53, 'Присутствовал. ПВО: 1; Янтарь: 4; '),
(480, 43, '2012-04-18', 11.53, 'Присутствовал. ПВО: 1; Янтарь: 4; '),
(481, 48, '2012-04-18', 11.53, 'Присутствовал. ПВО: 1; Янтарь: 4; '),
(482, 49, '2012-04-18', 11.53, 'Присутствовал. ПВО: 1; Янтарь: 4; '),
(483, 50, '2012-04-18', 11.53, 'Присутствовал. ПВО: 1; Янтарь: 4; '),
(484, 51, '2012-04-18', 11.53, 'Присутствовал. ПВО: 1; Янтарь: 4; '),
(485, 74, '2012-04-18', 11.53, 'Присутствовал. ПВО: 1; Янтарь: 4; '),
(486, 79, '2012-04-18', 11.53, 'Присутствовал. ПВО: 1; Янтарь: 4; '),
(487, 80, '2012-04-18', 11.53, 'Присутствовал. ПВО: 1; Янтарь: 4; '),
(679, 21, '2012-05-23', 5.38, 'Присутствовал. Янтарь: 5; '),
(489, 91, '2012-04-18', 11.53, 'Присутствовал. ПВО: 1; Янтарь: 4; '),
(490, 92, '2012-04-18', 11.53, 'Присутствовал. ПВО: 1; Янтарь: 4; '),
(491, 102, '2012-04-18', 11.53, 'Присутствовал. ПВО: 1; Янтарь: 4; '),
(492, 108, '2012-04-18', 11.53, 'Присутствовал. ПВО: 1; Янтарь: 4; '),
(494, 25, '2012-04-18', -11.53, 'Отсутствовал. ПВО: 1; Янтарь: 4; '),
(495, 27, '2012-04-18', -11.53, 'Отсутствовал. ПВО: 1; Янтарь: 4; '),
(496, 38, '2012-04-18', -11.53, 'Отсутствовал. ПВО: 1; Янтарь: 4; '),
(683, 43, '2012-05-23', 5.38, 'Присутствовал. Янтарь: 5; '),
(505, 43, '2012-04-25', 4.94, 'Присутствовал. Янтарь: 6; '),
(506, 49, '2012-04-25', 4.94, 'Присутствовал. Янтарь: 6; '),
(507, 51, '2012-04-25', 4.94, 'Присутствовал. Янтарь: 6; '),
(688, 72, '2012-05-23', 5.38, 'Присутствовал. Янтарь: 5; '),
(509, 72, '2012-04-25', 4.94, 'Присутствовал. Янтарь: 6; '),
(510, 79, '2012-04-25', 4.94, 'Присутствовал. Янтарь: 6; '),
(511, 80, '2012-04-25', 4.94, 'Присутствовал. Янтарь: 6; '),
(512, 102, '2012-04-25', 4.94, 'Присутствовал. Янтарь: 6; '),
(513, 104, '2012-04-25', 4.94, 'Присутствовал. Янтарь: 6; '),
(514, 110, '2012-04-25', 4.94, 'Присутствовал. Янтарь: 6; '),
(515, 108, '2012-04-25', 4.94, 'Присутствовал. Янтарь: 6; '),
(516, 45, '2012-04-25', -4.94, 'Отсутствовал. Янтарь: 6; '),
(517, 56, '2012-04-25', -4.94, 'Отсутствовал. Янтарь: 6; '),
(518, 67, '2012-04-25', -4.94, 'Отсутствовал. Янтарь: 6; '),
(519, 91, '2012-04-25', -4.94, 'Отсутствовал. Янтарь: 6; '),
(521, 112, '2012-04-25', -4.94, 'Отсутствовал. Янтарь: 6; '),
(570, 54, '2012-05-02', -7.54, 'Отсутствовал. Янтарь: 7; '),
(569, 51, '2012-05-02', -7.54, 'Отсутствовал. Янтарь: 7; '),
(568, 50, '2012-05-02', -7.54, 'Отсутствовал. Янтарь: 7; '),
(692, 49, '2012-05-23', -5.38, 'Отсутствовал. Янтарь: 5; '),
(566, 29, '2012-05-02', -7.54, 'Отсутствовал. Янтарь: 7; '),
(565, 27, '2012-05-02', -7.54, 'Отсутствовал. Янтарь: 7; '),
(564, 25, '2012-05-02', -7.54, 'Отсутствовал. Янтарь: 7; '),
(681, 114, '2012-05-23', 5.38, 'Присутствовал. Янтарь: 5; '),
(682, 37, '2012-05-23', 5.38, 'Присутствовал. Янтарь: 5; '),
(561, 108, '2012-05-02', 7.54, 'Присутствовал. Янтарь: 7; '),
(560, 104, '2012-05-02', 7.54, 'Присутствовал. Янтарь: 7; '),
(559, 92, '2012-05-02', 7.54, 'Присутствовал. Янтарь: 7; '),
(558, 80, '2012-05-02', 7.54, 'Присутствовал. Янтарь: 7; '),
(557, 72, '2012-05-02', 7.54, 'Присутствовал. Янтарь: 7; '),
(556, 59, '2012-05-02', 7.54, 'Присутствовал. Янтарь: 7; '),
(555, 49, '2012-05-02', 7.54, 'Присутствовал. Янтарь: 7; '),
(554, 45, '2012-05-02', 7.54, 'Присутствовал. Янтарь: 7; '),
(553, 43, '2012-05-02', 7.54, 'Присутствовал. Янтарь: 7; '),
(552, 40, '2012-05-02', 7.54, 'Присутствовал. Янтарь: 7; '),
(551, 33, '2012-05-02', 7.54, 'Присутствовал. Янтарь: 7; '),
(550, 24, '2012-05-02', 7.54, 'Присутствовал. Янтарь: 7; '),
(549, 19, '2012-05-02', 7.54, 'Присутствовал. Янтарь: 7; '),
(624, 74, '2012-05-09', 3.23, 'Присутствовал. Янтарь: 3; '),
(687, 64, '2012-05-23', 5.38, 'Присутствовал. Янтарь: 5; '),
(622, 54, '2012-05-09', 3.23, 'Присутствовал. Янтарь: 3; '),
(621, 52, '2012-05-09', 3.23, 'Присутствовал. Янтарь: 3; '),
(620, 43, '2012-05-09', 3.23, 'Присутствовал. Янтарь: 3; '),
(619, 40, '2012-05-09', 3.23, 'Присутствовал. Янтарь: 3; '),
(618, 38, '2012-05-09', 3.23, 'Присутствовал. Янтарь: 3; '),
(617, 33, '2012-05-09', 3.23, 'Присутствовал. Янтарь: 3; '),
(616, 29, '2012-05-09', 3.23, 'Присутствовал. Янтарь: 3; '),
(677, 112, '2012-05-16', -6.53, 'Отсутствовал. Янтарь: 7; '),
(676, 64, '2012-05-16', -6.53, 'Отсутствовал. Янтарь: 7; '),
(674, 37, '2012-05-16', -6.53, 'Отсутствовал. Янтарь: 7; '),
(673, 28, '2012-05-16', -6.53, 'Отсутствовал. Янтарь: 7; '),
(672, 26, '2012-05-16', -6.53, 'Отсутствовал. Янтарь: 7; '),
(671, 104, '2012-05-16', 6.53, 'Присутствовал. Янтарь: 7; '),
(670, 102, '2012-05-16', 6.53, 'Присутствовал. Янтарь: 7; '),
(669, 80, '2012-05-16', 6.53, 'Присутствовал. Янтарь: 7; '),
(668, 79, '2012-05-16', 6.53, 'Присутствовал. Янтарь: 7; '),
(667, 74, '2012-05-16', 6.53, 'Присутствовал. Янтарь: 7; '),
(666, 72, '2012-05-16', 6.53, 'Присутствовал. Янтарь: 7; '),
(663, 49, '2012-05-16', 6.53, 'Присутствовал. Янтарь: 7; '),
(664, 50, '2012-05-16', 6.53, 'Присутствовал. Янтарь: 7; '),
(665, 51, '2012-05-16', 6.53, 'Присутствовал. Янтарь: 7; '),
(630, 50, '2012-05-09', -3.23, 'Отсутствовал. Янтарь: 3; '),
(690, 91, '2012-05-23', 5.38, 'Присутствовал. Янтарь: 5; '),
(632, 80, '2012-05-09', -3.23, 'Отсутствовал. Янтарь: 3; '),
(633, 85, '2012-05-09', -3.23, 'Отсутствовал. Янтарь: 3; '),
(678, 20, '2012-05-23', 5.38, 'Присутствовал. Янтарь: 5; '),
(662, 45, '2012-05-16', 6.53, 'Присутствовал. Янтарь: 7; '),
(661, 114, '2012-05-16', 6.53, 'Присутствовал. Янтарь: 7; '),
(660, 29, '2012-05-16', 6.53, 'Присутствовал. Янтарь: 7; '),
(658, 20, '2012-05-16', 6.53, 'Присутствовал. Янтарь: 7; '),
(659, 24, '2012-05-16', 6.53, 'Присутствовал. Янтарь: 7; '),
(657, 19, '2012-05-16', 6.53, 'Присутствовал. Янтарь: 7; '),
(693, 50, '2012-05-23', -5.38, 'Отсутствовал. Янтарь: 5; '),
(695, 68, '2012-05-23', -5.38, 'Отсутствовал. Янтарь: 5; '),
(696, 79, '2012-05-23', -5.38, 'Отсутствовал. Янтарь: 5; '),
(697, 106, '2012-05-23', -5.38, 'Отсутствовал. Янтарь: 5; '),
(698, 112, '2012-05-23', -5.38, 'Отсутствовал. Янтарь: 5; '),
(699, 118, '2012-05-23', -5.38, 'Отсутствовал. Янтарь: 5; '),
(700, 116, '2012-05-23', -5.38, 'Отсутствовал. Янтарь: 5; ');

-- --------------------------------------------------------

--
-- Структура таблицы `nja_gtz_profit`
--

CREATE TABLE IF NOT EXISTS `nja_gtz_profit` (
  `date` date NOT NULL,
  `profit` text NOT NULL,
  `cost` text NOT NULL,
  `online` text NOT NULL,
  `users` text NOT NULL,
  PRIMARY KEY (`date`)
) ENGINE=MyISAM DEFAULT CHARSET=utf8;

--
-- Дамп данных таблицы `nja_gtz_profit`
--

INSERT INTO `nja_gtz_profit` (`date`, `profit`, `cost`, `online`, `users`) VALUES
('2012-03-28', '0,0,7,0,0,0,0', '0,200,20,8,5,2,1,30,0,0', '3,19,20,21,24,29,40,43,47,48,49,51,53,54,59,67,72,74,77,78,79,80,92,93,94', '3,19,20,21,24,29,40,43,48,49,54,59,67,72,74,78,79,80,92,93'),
('2012-04-04', '0,0,6,0,0,0,0', '0,200,20,8,5,2,1,30,0,0', '3,5,11,19,20,21,24,25,29,40,43,44,47,48,49,51,53,54,59,60,67,72,74,77,78,79,80,91,92,93,94,104,106,107', '3,5,11,19,20,21,24,29,40,43,44,48,49,53,54,59,60,67,72,74,78,79,80,91,92,93,94,104'),
('2012-04-28', '0,0,0,0,0,0,0', '0,200,20,8,5,2,1,30,4.42,-4.42', '104', '104'),
('2012-04-05', '0,0,0,0,0,0,0', '0,200,20,8,5,2,1,30,4.42,-4.42', '3', '3'),
('2012-04-12', '0,0,0,0,0,0,0', '0,200,20,8,5,2,1,30,1.04,-1.04', '80', '80'),
('2012-04-11', '0,0,4,0,0,0,0', '0,200,20,8,5,2,1,30,0,0', '3,5,11,19,20,21,24,25,27,29,33,38,40,43,44,47,48,49,50,51,52,53,54,59,60,67,72,74,77,78,79,80,86,91,92,93,94,104,106,107', '3,5,11,19,20,21,24,29,33,38,40,43,44,48,49,50,51,52,53,54,59,60,67,72,74,78,79,80,86,91,92,93,94,104'),
('2012-04-18', '0,1,4,0,0,0,0', '0,200,20,8,5,2,1,30,0,0', '10,19,20,24,25,27,33,38,43,47,48,49,50,51,74,79,80,86,90,91,92,102,108', '19,20,24,33,43,48,49,50,51,74,79,80,86,91,92,102,108'),
('2012-04-25', '0,0,6,0,0,0,0', '0,200,20,8,5,2,1,30,0,0', '19,20,24,25,29,40,43,45,49,51,55,56,67,72,79,80,91,96,102,104,112,110,108', '19,20,24,25,29,40,43,49,51,55,72,79,80,102,104,110,108'),
('2012-05-02', '0,0,7,0,0,0,0', '0,200,20,8,5,2,1,30,0,0', '17,19,22,24,25,27,29,31,33,40,43,45,49,50,51,54,55,59,72,74,78,80,92,95,104,108', '19,24,33,40,43,45,49,59,72,80,92,104,108'),
('2012-05-09', '0,0,3,0,0,0,0', '0,200,20,8,5,2,1,30,0,0', '29,33,38,40,43,47,50,52,54,55,74,75,80,85,92,102,110,108', '29,33,38,40,43,52,54,55,74,92,102,110,108'),
('2012-05-16', '0,0,7,0,0,0,0', '0,200,20,8,5,2,1,30,0,0', '19,20,24,26,28,29,114,37,45,49,50,51,61,64,72,74,79,80,102,104,112', '19,20,24,29,114,45,49,50,51,72,74,79,80,102,104'),
('2012-05-23', '0,0,5,0,0,0,0', '0,200,20,8,5,2,1,30,0,0', '19,20,21,29,114,37,43,45,49,50,52,54,61,64,68,72,79,80,91,106,112,118,116', '20,21,29,114,37,43,45,52,54,64,72,80,91');

-- --------------------------------------------------------

--
-- Структура таблицы `nja_gvg`
--

CREATE TABLE IF NOT EXISTS `nja_gvg` (
  `id` int(11) NOT NULL AUTO_INCREMENT,
  `uid` int(11) NOT NULL,
  `date` date NOT NULL,
  `ball` float DEFAULT NULL,
  `text` text,
  PRIMARY KEY (`id`),
  KEY `uid` (`uid`)
) ENGINE=MyISAM  DEFAULT CHARSET=utf8 AUTO_INCREMENT=96 ;

--
-- Дамп данных таблицы `nja_gvg`
--

INSERT INTO `nja_gvg` (`id`, `uid`, `date`, `ball`, `text`) VALUES
(2, 1, '2012-04-06', 1, 'За присутствие'),
(5, 16, '2012-04-06', 1, 'За присутствие'),
(6, 19, '2012-04-06', 1, 'За присутствие'),
(7, 20, '2012-04-06', 1, 'За присутствие'),
(9, 24, '2012-04-06', 1, 'За присутствие'),
(10, 25, '2012-04-06', 1, 'За присутствие'),
(11, 30, '2012-04-06', 1, 'За присутствие'),
(71, 1, '2012-04-20', 1, 'За присутствие'),
(13, 33, '2012-04-06', 1, 'За присутствие'),
(14, 37, '2012-04-06', 1, 'За присутствие'),
(15, 38, '2012-04-06', 1, 'За присутствие'),
(16, 40, '2012-04-06', 1, 'За присутствие'),
(17, 43, '2012-04-06', 1, 'За присутствие'),
(18, 44, '2012-04-06', 1, 'За присутствие'),
(19, 45, '2012-04-06', 1, 'За присутствие'),
(20, 48, '2012-04-06', 1, 'За присутствие'),
(21, 49, '2012-04-06', 1, 'За присутствие'),
(22, 50, '2012-04-06', 1, 'За присутствие'),
(23, 51, '2012-04-06', 1, 'За присутствие'),
(24, 52, '2012-04-06', 1, 'За присутствие'),
(27, 59, '2012-04-06', 1, 'За присутствие'),
(28, 60, '2012-04-06', 1, 'За присутствие'),
(30, 67, '2012-04-06', 1, 'За присутствие'),
(31, 70, '2012-04-06', 1, 'За присутствие'),
(32, 72, '2012-04-06', 1, 'За присутствие'),
(33, 74, '2012-04-06', 1, 'За присутствие'),
(34, 76, '2012-04-06', 1, 'За присутствие'),
(35, 78, '2012-04-06', 1, 'За присутствие'),
(36, 79, '2012-04-06', 1, 'За присутствие'),
(37, 80, '2012-04-06', 1, 'За присутствие'),
(39, 91, '2012-04-06', 1, 'За присутствие'),
(40, 92, '2012-04-06', 1, 'За присутствие'),
(41, 94, '2012-04-06', 1, 'За присутствие'),
(43, 102, '2012-04-06', 1, 'За присутствие'),
(44, 104, '2012-04-06', 1, 'За присутствие'),
(46, 1, '2012-04-14', 1, 'За присутствие'),
(47, 5, '2012-04-14', 1, 'За присутствие'),
(49, 19, '2012-04-14', 1, 'За присутствие'),
(50, 24, '2012-04-14', 1, 'За присутствие'),
(51, 29, '2012-04-14', 1, 'За присутствие'),
(52, 40, '2012-04-14', 1, 'За присутствие'),
(53, 43, '2012-04-14', 1, 'За присутствие'),
(54, 45, '2012-04-14', 1, 'За присутствие'),
(55, 48, '2012-04-14', 1, 'За присутствие'),
(56, 49, '2012-04-14', 1, 'За присутствие'),
(57, 50, '2012-04-14', 1, 'За присутствие'),
(60, 59, '2012-04-14', 1, 'За присутствие'),
(62, 66, '2012-04-14', 1, 'За присутствие'),
(63, 72, '2012-04-14', 1, 'За присутствие'),
(64, 76, '2012-04-14', 1, 'За присутствие'),
(65, 80, '2012-04-14', 1, 'За присутствие'),
(66, 91, '2012-04-14', 1, 'За присутствие'),
(67, 92, '2012-04-14', 1, 'За присутствие'),
(68, 102, '2012-04-14', 1, 'За присутствие'),
(69, 104, '2012-04-14', 1, 'За присутствие'),
(70, 108, '2012-04-14', 1, 'За присутствие'),
(73, 19, '2012-04-20', 1, 'За присутствие'),
(74, 24, '2012-04-20', 1, 'За присутствие'),
(75, 27, '2012-04-20', 1, 'За присутствие'),
(76, 29, '2012-04-20', 1, 'За присутствие'),
(77, 38, '2012-04-20', 1, 'За присутствие'),
(78, 40, '2012-04-20', 1, 'За присутствие'),
(79, 43, '2012-04-20', 1, 'За присутствие'),
(80, 45, '2012-04-20', 1, 'За присутствие'),
(81, 48, '2012-04-20', 1, 'За присутствие'),
(82, 49, '2012-04-20', 1, 'За присутствие'),
(84, 59, '2012-04-20', 1, 'За присутствие'),
(85, 72, '2012-04-20', 1, 'За присутствие'),
(87, 74, '2012-04-20', 1, 'За присутствие'),
(88, 79, '2012-04-20', 1, 'За присутствие'),
(89, 80, '2012-04-20', 1, 'За присутствие'),
(91, 91, '2012-04-20', 1, 'За присутствие'),
(92, 104, '2012-04-20', 1, 'За присутствие'),
(93, 108, '2012-04-20', 1, 'За присутствие');

-- --------------------------------------------------------

--
-- Структура таблицы `nja_gvg_profit`
--

CREATE TABLE IF NOT EXISTS `nja_gvg_profit` (
  `date` date NOT NULL,
  `cost` text NOT NULL,
  `online` text NOT NULL,
  `users` text NOT NULL,
  PRIMARY KEY (`date`)
) ENGINE=MyISAM DEFAULT CHARSET=utf8;

--
-- Дамп данных таблицы `nja_gvg_profit`
--

INSERT INTO `nja_gvg_profit` (`date`, `cost`, `online`, `users`) VALUES
('2012-04-06', '1,-1', '1,3,11,16,19,20,22,24,25,30,32,33,37,38,40,43,44,45,48,49,50,51,52,53,55,59,60,65,67,70,72,74,76,78,79,80,88,91,92,94,101,102,104,105', '1,3,11,16,19,20,22,24,25,30,32,33,37,38,40,43,44,45,48,49,50,51,52,53,55,59,60,65,67,70,72,74,76,78,79,80,88,91,92,94,101,102,104,105'),
('2012-04-14', '1,-1', '1,5,11,19,24,29,40,43,45,48,49,50,53,55,59,65,66,72,76,80,91,92,102,104,108', '1,5,11,19,24,29,40,43,45,48,49,50,53,55,59,65,66,72,76,80,91,92,102,104,108'),
('2012-04-20', '1,-1', '1,11,19,24,27,29,38,40,43,45,47,48,49,109,59,72,73,74,79,80,88,91,101,104,108', '1,11,19,24,27,29,38,40,43,45,48,49,109,59,72,73,74,79,80,88,91,104,108');

-- --------------------------------------------------------

--
-- Структура таблицы `nja_help`
--

CREATE TABLE IF NOT EXISTS `nja_help` (
  `id` int(11) NOT NULL AUTO_INCREMENT,
  `uid` int(11) NOT NULL,
  `date` date NOT NULL,
  `ball` float DEFAULT NULL,
  `text` text,
  PRIMARY KEY (`id`),
  KEY `uid` (`uid`)
) ENGINE=MyISAM  DEFAULT CHARSET=utf8 AUTO_INCREMENT=15 ;

--
-- Дамп данных таблицы `nja_help`
--

INSERT INTO `nja_help` (`id`, `uid`, `date`, `ball`, `text`) VALUES
(1, 40, '2012-04-03', 2, ''),
(2, 54, '2012-04-03', 2, ''),
(11, 49, '2012-05-13', 5, ''),
(4, 19, '2012-04-12', 2, ''),
(5, 59, '2012-04-12', 2, ''),
(10, 43, '2012-05-13', 5, ''),
(9, 19, '2012-05-13', 5, ''),
(12, 52, '2012-05-13', 5, ''),
(13, 80, '2012-05-13', 5, ''),
(14, 102, '2012-05-13', 5, '');

-- --------------------------------------------------------

--
-- Структура таблицы `nja_login`
--

CREATE TABLE IF NOT EXISTS `nja_login` (
  `login` varchar(20) NOT NULL,
  `password` varchar(20) NOT NULL,
  `prova` varchar(120) NOT NULL,
  PRIMARY KEY (`login`)
) ENGINE=MyISAM DEFAULT CHARSET=utf8;

--
-- Дамп данных таблицы `nja_login`
--

INSERT INTO `nja_login` (`login`, `password`, `prova`) VALUES
('Admin', 'newpassword', 'view,admin,mirpit,gtz,gvg,remeslo,help,oficer,nalog,shtraf,sklad,pvp,priem'),
('Nalog', 'pass123', 'view,nalog'),
('Mirpit', 'mirpit123', 'view,mirpit'),
('Help', 'gfhjkm123', 'view,help,oficer'),
('Pvp', 'gfhjkm', 'view,gvg,remeslo,pvp,dcd'),
('User', '123456', 'view'),
('Priem', 'password', 'view,priem'),
('Sklad', 'qwe123', 'view,shtraf,sklad'),
('Shtraf', '221133', 'view,shtraf');

-- --------------------------------------------------------

--
-- Структура таблицы `nja_mirpit`
--

CREATE TABLE IF NOT EXISTS `nja_mirpit` (
  `id` int(11) NOT NULL AUTO_INCREMENT,
  `uid` int(11) NOT NULL,
  `date` date NOT NULL,
  `ball` float DEFAULT NULL,
  `text` text,
  PRIMARY KEY (`id`),
  KEY `uid` (`uid`)
) ENGINE=MyISAM  DEFAULT CHARSET=utf8 AUTO_INCREMENT=914 ;

--
-- Дамп данных таблицы `nja_mirpit`
--

INSERT INTO `nja_mirpit` (`id`, `uid`, `date`, `ball`, `text`) VALUES
(127, 5, '2012-04-03', 4.61, '<b>Мирпит 1</b>: Янтарь: 1; Сапфир: 1; Людей: 22<br><b>Мирпит 2</b>: Книга: 1; Топаз: 1; Людей: 22<br>'),
(838, 104, '2012-05-14', 20.36, '<b>Мирпит 1</b>: Рубин: 1; Сапфир: 2; Людей: 11<br><b>Мирпит 2</b>: Янтарь: 2; Сапфир: 1; Людей: 11<br>'),
(124, 106, '2012-04-02', 2.7, '<b>Мирпит 1</b>: Янтарь: 1; Людей: 20<br><b>Мирпит 2</b>: Сапфир: 1; Людей: 21<br>'),
(123, 104, '2012-04-02', 2.7, '<b>Мирпит 1</b>: Янтарь: 1; Людей: 20<br><b>Мирпит 2</b>: Сапфир: 1; Людей: 21<br>'),
(122, 102, '2012-04-02', 2.7, '<b>Мирпит 1</b>: Янтарь: 1; Людей: 20<br><b>Мирпит 2</b>: Сапфир: 1; Людей: 21<br>'),
(121, 80, '2012-04-02', 2.7, '<b>Мирпит 1</b>: Янтарь: 1; Людей: 20<br><b>Мирпит 2</b>: Сапфир: 1; Людей: 21<br>'),
(120, 72, '2012-04-02', 2.7, '<b>Мирпит 1</b>: Янтарь: 1; Людей: 20<br><b>Мирпит 2</b>: Сапфир: 1; Людей: 21<br>'),
(119, 67, '2012-04-02', 2.7, '<b>Мирпит 1</b>: Янтарь: 1; Людей: 20<br><b>Мирпит 2</b>: Сапфир: 1; Людей: 21<br>'),
(803, 38, '2012-05-06', 4, '<b>Мирпит 1</b>: Рубин: 1; Людей: 14<br><b>Мирпит 2</b>: Людей: 13<br>'),
(115, 52, '2012-04-02', 2.7, '<b>Мирпит 1</b>: Янтарь: 1; Людей: 20<br><b>Мирпит 2</b>: Сапфир: 1; Людей: 21<br>'),
(114, 49, '2012-04-02', 2.7, '<b>Мирпит 1</b>: Янтарь: 1; Людей: 20<br><b>Мирпит 2</b>: Сапфир: 1; Людей: 21<br>'),
(113, 48, '2012-04-02', 2.7, '<b>Мирпит 1</b>: Янтарь: 1; Людей: 20<br><b>Мирпит 2</b>: Сапфир: 1; Людей: 21<br>'),
(112, 45, '2012-04-02', 2.7, '<b>Мирпит 1</b>: Янтарь: 1; Людей: 20<br><b>Мирпит 2</b>: Сапфир: 1; Людей: 21<br>'),
(111, 40, '2012-04-02', 2.7, '<b>Мирпит 1</b>: Янтарь: 1; Людей: 20<br><b>Мирпит 2</b>: Сапфир: 1; Людей: 21<br>'),
(110, 39, '2012-04-02', 2.7, '<b>Мирпит 1</b>: Янтарь: 1; Людей: 20<br><b>Мирпит 2</b>: Сапфир: 1; Людей: 21<br>'),
(823, 104, '2012-05-10', 10.55, '<b>Мирпит 1</b>: Книга: 1; Топаз: 2; Изумруд: 2; Людей: 8<br><b>Мирпит 2</b>: Книга: 1; Сапфир: 2; Изумруд: 1; Людей: 9<br>'),
(382, 78, '2012-04-06', 0, 'за отсутствие'),
(108, 24, '2012-04-02', 2.7, '<b>Мирпит 1</b>: Янтарь: 1; Людей: 20<br><b>Мирпит 2</b>: Сапфир: 1; Людей: 21<br>'),
(107, 19, '2012-04-02', 2.7, '<b>Мирпит 1</b>: Янтарь: 1; Людей: 20<br><b>Мирпит 2</b>: Сапфир: 1; Людей: 21<br>'),
(128, 13, '2012-04-03', 4.61, '<b>Мирпит 1</b>: Янтарь: 1; Сапфир: 1; Людей: 22<br><b>Мирпит 2</b>: Книга: 1; Топаз: 1; Людей: 22<br>'),
(129, 19, '2012-04-03', 4.61, '<b>Мирпит 1</b>: Янтарь: 1; Сапфир: 1; Людей: 22<br><b>Мирпит 2</b>: Книга: 1; Топаз: 1; Людей: 22<br>'),
(130, 25, '2012-04-03', 4.61, '<b>Мирпит 1</b>: Янтарь: 1; Сапфир: 1; Людей: 22<br><b>Мирпит 2</b>: Книга: 1; Топаз: 1; Людей: 22<br>'),
(132, 39, '2012-04-03', 4.61, '<b>Мирпит 1</b>: Янтарь: 1; Сапфир: 1; Людей: 22<br><b>Мирпит 2</b>: Книга: 1; Топаз: 1; Людей: 22<br>'),
(133, 43, '2012-04-03', 4.61, '<b>Мирпит 1</b>: Янтарь: 1; Сапфир: 1; Людей: 22<br><b>Мирпит 2</b>: Книга: 1; Топаз: 1; Людей: 22<br>'),
(134, 44, '2012-04-03', 4.61, '<b>Мирпит 1</b>: Янтарь: 1; Сапфир: 1; Людей: 22<br><b>Мирпит 2</b>: Книга: 1; Топаз: 1; Людей: 22<br>'),
(135, 45, '2012-04-03', 4.61, '<b>Мирпит 1</b>: Янтарь: 1; Сапфир: 1; Людей: 22<br><b>Мирпит 2</b>: Книга: 1; Топаз: 1; Людей: 22<br>'),
(136, 48, '2012-04-03', 4.61, '<b>Мирпит 1</b>: Янтарь: 1; Сапфир: 1; Людей: 22<br><b>Мирпит 2</b>: Книга: 1; Топаз: 1; Людей: 22<br>'),
(137, 49, '2012-04-03', 4.61, '<b>Мирпит 1</b>: Янтарь: 1; Сапфир: 1; Людей: 22<br><b>Мирпит 2</b>: Книга: 1; Топаз: 1; Людей: 22<br>'),
(856, 104, '2012-05-18', 18.31, '<b>Мирпит 1</b>: Янтарь: 1; Рубин: 3; Сапфир: 1; Топаз: 2; Людей: 13<br>'),
(139, 54, '2012-04-03', 4.61, '<b>Мирпит 1</b>: Янтарь: 1; Сапфир: 1; Людей: 22<br><b>Мирпит 2</b>: Книга: 1; Топаз: 1; Людей: 22<br>'),
(832, 39, '2012-05-14', 20.36, '<b>Мирпит 1</b>: Рубин: 1; Сапфир: 2; Людей: 11<br><b>Мирпит 2</b>: Янтарь: 2; Сапфир: 1; Людей: 11<br>'),
(801, 25, '2012-05-06', 4, '<b>Мирпит 1</b>: Рубин: 1; Людей: 14<br><b>Мирпит 2</b>: Людей: 13<br>'),
(802, 37, '2012-05-06', 4, '<b>Мирпит 1</b>: Рубин: 1; Людей: 14<br><b>Мирпит 2</b>: Людей: 13<br>'),
(142, 67, '2012-04-03', 4.61, '<b>Мирпит 1</b>: Янтарь: 1; Сапфир: 1; Людей: 22<br><b>Мирпит 2</b>: Книга: 1; Топаз: 1; Людей: 22<br>'),
(143, 72, '2012-04-03', 4.61, '<b>Мирпит 1</b>: Янтарь: 1; Сапфир: 1; Людей: 22<br><b>Мирпит 2</b>: Книга: 1; Топаз: 1; Людей: 22<br>'),
(144, 80, '2012-04-03', 4.61, '<b>Мирпит 1</b>: Янтарь: 1; Сапфир: 1; Людей: 22<br><b>Мирпит 2</b>: Книга: 1; Топаз: 1; Людей: 22<br>'),
(146, 104, '2012-04-03', 4.61, '<b>Мирпит 1</b>: Янтарь: 1; Сапфир: 1; Людей: 22<br><b>Мирпит 2</b>: Книга: 1; Топаз: 1; Людей: 22<br>'),
(147, 106, '2012-04-03', 4.61, '<b>Мирпит 1</b>: Янтарь: 1; Сапфир: 1; Людей: 22<br><b>Мирпит 2</b>: Книга: 1; Топаз: 1; Людей: 22<br>'),
(149, 12, '2012-04-03', 0, 'за отсутствие'),
(150, 29, '2012-04-03', 0, 'за отсутствие'),
(151, 33, '2012-04-03', 0, 'за отсутствие'),
(398, 104, '2012-04-07', 1.87, '<b>Мирпит 1</b>: Сапфир: 1; Топаз: 1; Людей: 17<br><b>Мирпит 2</b>: Топаз: 1; Людей: 6<br>'),
(155, 39, '2012-04-04', 1, '<b>Мирпит 1</b>: Людей: 13<br><b>Мирпит 2</b>: Людей: 14<br>'),
(156, 44, '2012-04-04', 1, '<b>Мирпит 1</b>: Людей: 13<br><b>Мирпит 2</b>: Людей: 14<br>'),
(157, 48, '2012-04-04', 1, '<b>Мирпит 1</b>: Людей: 13<br><b>Мирпит 2</b>: Людей: 14<br>'),
(158, 50, '2012-04-04', 1, '<b>Мирпит 1</b>: Людей: 13<br><b>Мирпит 2</b>: Людей: 14<br>'),
(159, 52, '2012-04-04', 1, '<b>Мирпит 1</b>: Людей: 13<br><b>Мирпит 2</b>: Людей: 14<br>'),
(160, 54, '2012-04-04', 1, '<b>Мирпит 1</b>: Людей: 13<br><b>Мирпит 2</b>: Людей: 14<br>'),
(831, 33, '2012-05-14', 20.36, '<b>Мирпит 1</b>: Рубин: 1; Сапфир: 2; Людей: 11<br><b>Мирпит 2</b>: Янтарь: 2; Сапфир: 1; Людей: 11<br>'),
(162, 59, '2012-04-04', 1, '<b>Мирпит 1</b>: Людей: 13<br><b>Мирпит 2</b>: Людей: 14<br>'),
(163, 67, '2012-04-04', 1, '<b>Мирпит 1</b>: Людей: 13<br><b>Мирпит 2</b>: Людей: 14<br>'),
(164, 72, '2012-04-04', 1, '<b>Мирпит 1</b>: Людей: 13<br><b>Мирпит 2</b>: Людей: 14<br>'),
(165, 80, '2012-04-04', 1, '<b>Мирпит 1</b>: Людей: 13<br><b>Мирпит 2</b>: Людей: 14<br>'),
(166, 104, '2012-04-04', 1, '<b>Мирпит 1</b>: Людей: 13<br><b>Мирпит 2</b>: Людей: 14<br>'),
(167, 28, '2012-04-04', 0.5, '<b>Мирпит 2</b>: Людей: 14<br>'),
(168, 27, '2012-04-04', 0, 'за отсутствие'),
(169, 30, '2012-04-04', 0, 'за отсутствие'),
(827, 38, '2012-05-10', 0, 'за отсутствие'),
(828, 5, '2012-05-14', 20.36, '<b>Мирпит 1</b>: Рубин: 1; Сапфир: 2; Людей: 11<br><b>Мирпит 2</b>: Янтарь: 2; Сапфир: 1; Людей: 11<br>'),
(377, 108, '2012-04-06', 7.5, '<b>Мирпит 1</b>: Книга: 1; Сапфир: 1; Людей: 21<br><b>Мирпит 2</b>: Книга: 1; Янтарь: 1; Рубин: 1; Людей: 20<br>'),
(376, 106, '2012-04-06', 7.5, '<b>Мирпит 1</b>: Книга: 1; Сапфир: 1; Людей: 21<br><b>Мирпит 2</b>: Книга: 1; Янтарь: 1; Рубин: 1; Людей: 20<br>'),
(826, 50, '2012-05-10', 6.61, '<b>Мирпит 2</b>: Книга: 1; Сапфир: 2; Изумруд: 1; Людей: 9<br>'),
(375, 102, '2012-04-06', 7.5, '<b>Мирпит 1</b>: Книга: 1; Сапфир: 1; Людей: 21<br><b>Мирпит 2</b>: Книга: 1; Янтарь: 1; Рубин: 1; Людей: 20<br>'),
(373, 94, '2012-04-06', 1.7, '<b>Мирпит 1</b>: Книга: 1; Сапфир: 1; Людей: 21<br>'),
(372, 80, '2012-04-06', 7.5, '<b>Мирпит 1</b>: Книга: 1; Сапфир: 1; Людей: 21<br><b>Мирпит 2</b>: Книга: 1; Янтарь: 1; Рубин: 1; Людей: 20<br>'),
(371, 72, '2012-04-06', 7.5, '<b>Мирпит 1</b>: Книга: 1; Сапфир: 1; Людей: 21<br><b>Мирпит 2</b>: Книга: 1; Янтарь: 1; Рубин: 1; Людей: 20<br>'),
(370, 67, '2012-04-06', 7.5, '<b>Мирпит 1</b>: Книга: 1; Сапфир: 1; Людей: 21<br><b>Мирпит 2</b>: Книга: 1; Янтарь: 1; Рубин: 1; Людей: 20<br>'),
(369, 62, '2012-04-06', 7.5, '<b>Мирпит 1</b>: Книга: 1; Сапфир: 1; Людей: 21<br><b>Мирпит 2</b>: Книга: 1; Янтарь: 1; Рубин: 1; Людей: 20<br>'),
(368, 59, '2012-04-06', 7.5, '<b>Мирпит 1</b>: Книга: 1; Сапфир: 1; Людей: 21<br><b>Мирпит 2</b>: Книга: 1; Янтарь: 1; Рубин: 1; Людей: 20<br>'),
(367, 52, '2012-04-06', 7.5, '<b>Мирпит 1</b>: Книга: 1; Сапфир: 1; Людей: 21<br><b>Мирпит 2</b>: Книга: 1; Янтарь: 1; Рубин: 1; Людей: 20<br>'),
(366, 51, '2012-04-06', 7.5, '<b>Мирпит 1</b>: Книга: 1; Сапфир: 1; Людей: 21<br><b>Мирпит 2</b>: Книга: 1; Янтарь: 1; Рубин: 1; Людей: 20<br>'),
(365, 49, '2012-04-06', 7.5, '<b>Мирпит 1</b>: Книга: 1; Сапфир: 1; Людей: 21<br><b>Мирпит 2</b>: Книга: 1; Янтарь: 1; Рубин: 1; Людей: 20<br>'),
(364, 48, '2012-04-06', 7.5, '<b>Мирпит 1</b>: Книга: 1; Сапфир: 1; Людей: 21<br><b>Мирпит 2</b>: Книга: 1; Янтарь: 1; Рубин: 1; Людей: 20<br>'),
(363, 39, '2012-04-06', 7.5, '<b>Мирпит 1</b>: Книга: 1; Сапфир: 1; Людей: 21<br><b>Мирпит 2</b>: Книга: 1; Янтарь: 1; Рубин: 1; Людей: 20<br>'),
(362, 38, '2012-04-06', 7.5, '<b>Мирпит 1</b>: Книга: 1; Сапфир: 1; Людей: 21<br><b>Мирпит 2</b>: Книга: 1; Янтарь: 1; Рубин: 1; Людей: 20<br>'),
(361, 25, '2012-04-06', 7.5, '<b>Мирпит 1</b>: Книга: 1; Сапфир: 1; Людей: 21<br><b>Мирпит 2</b>: Книга: 1; Янтарь: 1; Рубин: 1; Людей: 20<br>'),
(360, 24, '2012-04-06', 7.5, '<b>Мирпит 1</b>: Книга: 1; Сапфир: 1; Людей: 21<br><b>Мирпит 2</b>: Книга: 1; Янтарь: 1; Рубин: 1; Людей: 20<br>'),
(359, 19, '2012-04-06', 7.5, '<b>Мирпит 1</b>: Книга: 1; Сапфир: 1; Людей: 21<br><b>Мирпит 2</b>: Книга: 1; Янтарь: 1; Рубин: 1; Людей: 20<br>'),
(358, 1, '2012-04-06', 1.7, '<b>Мирпит 1</b>: Книга: 1; Сапфир: 1; Людей: 21<br>'),
(397, 102, '2012-04-07', 1.87, '<b>Мирпит 1</b>: Сапфир: 1; Топаз: 1; Людей: 17<br><b>Мирпит 2</b>: Топаз: 1; Людей: 6<br>'),
(396, 80, '2012-04-07', 1.87, '<b>Мирпит 1</b>: Сапфир: 1; Топаз: 1; Людей: 17<br><b>Мирпит 2</b>: Топаз: 1; Людей: 6<br>'),
(395, 62, '2012-04-07', 1.5, '<b>Мирпит 1</b>: Сапфир: 1; Топаз: 1; Людей: 17<br>'),
(837, 94, '2012-05-14', 20.36, '<b>Мирпит 1</b>: Рубин: 1; Сапфир: 2; Людей: 11<br><b>Мирпит 2</b>: Янтарь: 2; Сапфир: 1; Людей: 11<br>'),
(393, 59, '2012-04-07', 1.87, '<b>Мирпит 1</b>: Сапфир: 1; Топаз: 1; Людей: 17<br>'),
(391, 52, '2012-04-07', 1.87, '<b>Мирпит 1</b>: Сапфир: 1; Топаз: 1; Людей: 17<br>'),
(390, 48, '2012-04-07', 1.87, '<b>Мирпит 1</b>: Сапфир: 1; Топаз: 1; Людей: 17<br>'),
(389, 44, '2012-04-07', 1.87, '<b>Мирпит 1</b>: Сапфир: 1; Топаз: 1; Людей: 17<br>'),
(841, 68, '2012-05-14', 0, 'за отсутствие'),
(387, 29, '2012-04-07', 1.87, '<b>Мирпит 1</b>: Сапфир: 1; Топаз: 1; Людей: 17<br>'),
(386, 24, '2012-04-07', 1.87, '<b>Мирпит 1</b>: Сапфир: 1; Топаз: 1; Людей: 17<br>'),
(385, 19, '2012-04-07', 1.87, '<b>Мирпит 1</b>: Сапфир: 1; Топаз: 1; Людей: 17<br>'),
(847, 39, '2012-05-18', 18.31, '<b>Мирпит 1</b>: Янтарь: 1; Рубин: 3; Сапфир: 1; Топаз: 2; Людей: 13<br>'),
(383, 5, '2012-04-07', 1.87, '<b>Мирпит 1</b>: Сапфир: 1; Топаз: 1; Людей: 17<br>'),
(224, 19, '2012-04-10', 5.27, '<b>Мирпит 1</b>: Изумруд: 1; Людей: 9<br><b>Мирпит 2</b>: Книга: 3; Людей: 11<br>'),
(225, 39, '2012-04-10', 5.27, '<b>Мирпит 1</b>: Изумруд: 1; Людей: 9<br><b>Мирпит 2</b>: Книга: 3; Людей: 11<br>'),
(226, 43, '2012-04-10', 5.27, '<b>Мирпит 1</b>: Изумруд: 1; Людей: 9<br><b>Мирпит 2</b>: Книга: 3; Людей: 11<br>'),
(227, 44, '2012-04-10', 5.27, '<b>Мирпит 1</b>: Изумруд: 1; Людей: 9<br><b>Мирпит 2</b>: Книга: 3; Людей: 11<br>'),
(228, 49, '2012-04-10', 5.27, '<b>Мирпит 1</b>: Изумруд: 1; Людей: 9<br><b>Мирпит 2</b>: Книга: 3; Людей: 11<br>'),
(830, 27, '2012-05-14', 20.36, '<b>Мирпит 1</b>: Рубин: 1; Сапфир: 2; Людей: 11<br><b>Мирпит 2</b>: Янтарь: 2; Сапфир: 1; Людей: 11<br>'),
(230, 70, '2012-04-10', 0.5, '<b>Мирпит 1</b>: Изумруд: 1; Людей: 9<br>'),
(231, 72, '2012-04-10', 5.27, '<b>Мирпит 1</b>: Изумруд: 1; Людей: 9<br><b>Мирпит 2</b>: Книга: 3; Людей: 11<br>'),
(232, 80, '2012-04-10', 5.27, '<b>Мирпит 1</b>: Изумруд: 1; Людей: 9<br><b>Мирпит 2</b>: Книга: 3; Людей: 11<br>'),
(233, 40, '2012-04-10', 4.77, '<b>Мирпит 2</b>: Книга: 3; Людей: 11<br>'),
(234, 66, '2012-04-10', 4.77, '<b>Мирпит 2</b>: Книга: 3; Людей: 11<br>'),
(836, 52, '2012-05-14', 20.36, '<b>Мирпит 1</b>: Рубин: 1; Сапфир: 2; Людей: 11<br><b>Мирпит 2</b>: Янтарь: 2; Сапфир: 1; Людей: 11<br>'),
(324, 49, '2012-04-12', 2, '<b>Мирпит 2</b>: Сапфир: 1; Топаз: 1; Людей: 12<br>'),
(319, 52, '2012-04-12', 2.5, '<b>Мирпит 1</b>: Людей: 12<br><b>Мирпит 2</b>: Сапфир: 1; Топаз: 1; Людей: 12<br>'),
(320, 59, '2012-04-12', 2.5, '<b>Мирпит 1</b>: Людей: 12<br><b>Мирпит 2</b>: Сапфир: 1; Топаз: 1; Людей: 12<br>'),
(321, 72, '2012-04-12', 2.5, '<b>Мирпит 1</b>: Людей: 12<br><b>Мирпит 2</b>: Сапфир: 1; Топаз: 1; Людей: 12<br>'),
(323, 80, '2012-04-12', 2.5, '<b>Мирпит 1</b>: Людей: 12<br><b>Мирпит 2</b>: Сапфир: 1; Топаз: 1; Людей: 12<br>'),
(322, 76, '2012-04-12', 2.5, '<b>Мирпит 1</b>: Людей: 12<br><b>Мирпит 2</b>: Сапфир: 1; Топаз: 1; Людей: 12<br>'),
(318, 44, '2012-04-12', 2.5, '<b>Мирпит 1</b>: Людей: 12<br><b>Мирпит 2</b>: Сапфир: 1; Топаз: 1; Людей: 12<br>'),
(317, 33, '2012-04-12', 2.5, '<b>Мирпит 1</b>: Людей: 12<br><b>Мирпит 2</b>: Сапфир: 1; Топаз: 1; Людей: 12<br>'),
(316, 29, '2012-04-12', 0.5, '<b>Мирпит 1</b>: Людей: 12<br>'),
(315, 28, '2012-04-12', 2.5, '<b>Мирпит 1</b>: Людей: 12<br><b>Мирпит 2</b>: Сапфир: 1; Топаз: 1; Людей: 12<br>'),
(314, 27, '2012-04-12', 2.5, '<b>Мирпит 1</b>: Людей: 12<br><b>Мирпит 2</b>: Сапфир: 1; Топаз: 1; Людей: 12<br>'),
(313, 19, '2012-04-12', 2.5, '<b>Мирпит 1</b>: Людей: 12<br><b>Мирпит 2</b>: Сапфир: 1; Топаз: 1; Людей: 12<br>'),
(312, 16, '2012-04-12', 2.5, '<b>Мирпит 1</b>: Людей: 12<br><b>Мирпит 2</b>: Сапфир: 1; Топаз: 1; Людей: 12<br>'),
(418, 108, '2012-04-13', 5, '<b>Мирпит 1</b>: Янтарь: 1; Топаз: 1; Людей: 13<br><b>Мирпит 2</b>: Топаз: 1; Людей: 14<br>'),
(417, 106, '2012-04-13', 5, '<b>Мирпит 1</b>: Янтарь: 1; Топаз: 1; Людей: 13<br><b>Мирпит 2</b>: Топаз: 1; Людей: 14<br>'),
(416, 80, '2012-04-13', 5, '<b>Мирпит 1</b>: Янтарь: 1; Топаз: 1; Людей: 13<br><b>Мирпит 2</b>: Топаз: 1; Людей: 14<br>'),
(415, 79, '2012-04-13', 5, '<b>Мирпит 1</b>: Янтарь: 1; Топаз: 1; Людей: 13<br><b>Мирпит 2</b>: Топаз: 1; Людей: 14<br>'),
(414, 72, '2012-04-13', 5, '<b>Мирпит 1</b>: Янтарь: 1; Топаз: 1; Людей: 13<br><b>Мирпит 2</b>: Топаз: 1; Людей: 14<br>'),
(413, 52, '2012-04-13', 5, '<b>Мирпит 1</b>: Янтарь: 1; Топаз: 1; Людей: 13<br><b>Мирпит 2</b>: Топаз: 1; Людей: 14<br>'),
(412, 49, '2012-04-13', 5, '<b>Мирпит 1</b>: Янтарь: 1; Топаз: 1; Людей: 13<br><b>Мирпит 2</b>: Топаз: 1; Людей: 14<br>'),
(411, 44, '2012-04-13', 5, '<b>Мирпит 1</b>: Янтарь: 1; Топаз: 1; Людей: 13<br><b>Мирпит 2</b>: Топаз: 1; Людей: 14<br>'),
(410, 40, '2012-04-13', 5, '<b>Мирпит 1</b>: Янтарь: 1; Топаз: 1; Людей: 13<br><b>Мирпит 2</b>: Топаз: 1; Людей: 14<br>'),
(409, 29, '2012-04-13', 5, '<b>Мирпит 1</b>: Янтарь: 1; Топаз: 1; Людей: 13<br><b>Мирпит 2</b>: Топаз: 1; Людей: 14<br>'),
(408, 25, '2012-04-13', 5, '<b>Мирпит 1</b>: Янтарь: 1; Топаз: 1; Людей: 13<br><b>Мирпит 2</b>: Топаз: 1; Людей: 14<br>'),
(407, 19, '2012-04-13', 5, '<b>Мирпит 1</b>: Янтарь: 1; Топаз: 1; Людей: 13<br><b>Мирпит 2</b>: Топаз: 1; Людей: 14<br>'),
(343, 19, '2012-04-11', 10, '<b>Мирпит 1</b>: Рубин: 1; Сапфир: 2; Людей: 13<br><b>Мирпит 2</b>: Янтарь: 1; Людей: 15<br>'),
(344, 25, '2012-04-11', 10, '<b>Мирпит 1</b>: Рубин: 1; Сапфир: 2; Людей: 13<br><b>Мирпит 2</b>: Янтарь: 1; Людей: 15<br>'),
(345, 29, '2012-04-11', 10, '<b>Мирпит 1</b>: Рубин: 1; Сапфир: 2; Людей: 13<br><b>Мирпит 2</b>: Янтарь: 1; Людей: 15<br>'),
(346, 33, '2012-04-11', 10, '<b>Мирпит 1</b>: Рубин: 1; Сапфир: 2; Людей: 13<br><b>Мирпит 2</b>: Янтарь: 1; Людей: 15<br>'),
(347, 43, '2012-04-11', 10, '<b>Мирпит 1</b>: Рубин: 1; Сапфир: 2; Людей: 13<br><b>Мирпит 2</b>: Янтарь: 1; Людей: 15<br>'),
(348, 48, '2012-04-11', 10, '<b>Мирпит 1</b>: Рубин: 1; Сапфир: 2; Людей: 13<br><b>Мирпит 2</b>: Янтарь: 1; Людей: 15<br>'),
(349, 49, '2012-04-11', 10, '<b>Мирпит 1</b>: Рубин: 1; Сапфир: 2; Людей: 13<br><b>Мирпит 2</b>: Янтарь: 1; Людей: 15<br>'),
(350, 50, '2012-04-11', 10, '<b>Мирпит 1</b>: Рубин: 1; Сапфир: 2; Людей: 13<br><b>Мирпит 2</b>: Янтарь: 1; Людей: 15<br>'),
(351, 52, '2012-04-11', 10, '<b>Мирпит 1</b>: Рубин: 1; Сапфир: 2; Людей: 13<br><b>Мирпит 2</b>: Янтарь: 1; Людей: 15<br>'),
(352, 59, '2012-04-11', 10, '<b>Мирпит 1</b>: Рубин: 1; Сапфир: 2; Людей: 13<br><b>Мирпит 2</b>: Янтарь: 1; Людей: 15<br>'),
(353, 72, '2012-04-11', 10, '<b>Мирпит 1</b>: Рубин: 1; Сапфир: 2; Людей: 13<br><b>Мирпит 2</b>: Янтарь: 1; Людей: 15<br>'),
(354, 76, '2012-04-11', 10, '<b>Мирпит 1</b>: Рубин: 1; Сапфир: 2; Людей: 13<br><b>Мирпит 2</b>: Янтарь: 1; Людей: 15<br>'),
(355, 80, '2012-04-11', 10, '<b>Мирпит 1</b>: Рубин: 1; Сапфир: 2; Людей: 13<br><b>Мирпит 2</b>: Янтарь: 1; Людей: 15<br>'),
(356, 27, '2012-04-11', 3.5, '<b>Мирпит 2</b>: Янтарь: 1; Людей: 15<br>'),
(357, 44, '2012-04-11', 3.5, '<b>Мирпит 2</b>: Янтарь: 1; Людей: 15<br>'),
(399, 108, '2012-04-07', 1.87, '<b>Мирпит 1</b>: Сапфир: 1; Топаз: 1; Людей: 17<br><b>Мирпит 2</b>: Топаз: 1; Людей: 6<br>'),
(400, 66, '2012-04-07', 0.37, '<b>Мирпит 2</b>: Топаз: 1; Людей: 6<br>'),
(401, 43, '2012-04-07', 0, 'за отсутствие'),
(855, 79, '2012-05-18', 18.31, '<b>Мирпит 1</b>: Янтарь: 1; Рубин: 3; Сапфир: 1; Топаз: 2; Людей: 13<br>'),
(403, 64, '2012-04-07', 0, 'за отсутствие'),
(405, 74, '2012-04-07', 0, 'за отсутствие'),
(406, 85, '2012-04-07', 0, 'за отсутствие'),
(420, 24, '2012-04-13', 0.5, '<b>Мирпит 2</b>: Топаз: 1; Людей: 14<br>'),
(421, 28, '2012-04-13', 0, 'за отсутствие'),
(422, 51, '2012-04-13', 0, 'за отсутствие'),
(445, 50, '2012-04-14', 6.58, '<b>Мирпит 1</b>: Сапфир: 1; Изумруд: 1; Людей: 11<br><b>Мирпит 2</b>: Янтарь: 1; Людей: 12<br>'),
(444, 49, '2012-04-14', 6.58, '<b>Мирпит 1</b>: Сапфир: 1; Изумруд: 1; Людей: 11<br><b>Мирпит 2</b>: Янтарь: 1; Людей: 12<br>'),
(443, 48, '2012-04-14', 6.58, '<b>Мирпит 1</b>: Сапфир: 1; Изумруд: 1; Людей: 11<br><b>Мирпит 2</b>: Янтарь: 1; Людей: 12<br>'),
(442, 45, '2012-04-14', 6.58, '<b>Мирпит 1</b>: Сапфир: 1; Изумруд: 1; Людей: 11<br><b>Мирпит 2</b>: Янтарь: 1; Людей: 12<br>'),
(441, 29, '2012-04-14', 6.58, '<b>Мирпит 1</b>: Сапфир: 1; Изумруд: 1; Людей: 11<br><b>Мирпит 2</b>: Янтарь: 1; Людей: 12<br>'),
(845, 19, '2012-05-18', 18.31, '<b>Мирпит 1</b>: Янтарь: 1; Рубин: 3; Сапфир: 1; Топаз: 2; Людей: 13<br>'),
(440, 24, '2012-04-14', 6.58, '<b>Мирпит 1</b>: Сапфир: 1; Изумруд: 1; Людей: 11<br><b>Мирпит 2</b>: Янтарь: 1; Людей: 12<br>'),
(846, 21, '2012-05-18', 18.31, '<b>Мирпит 1</b>: Янтарь: 1; Рубин: 3; Сапфир: 1; Топаз: 2; Людей: 13<br>'),
(446, 52, '2012-04-14', 6.58, '<b>Мирпит 1</b>: Сапфир: 1; Изумруд: 1; Людей: 11<br><b>Мирпит 2</b>: Янтарь: 1; Людей: 12<br>'),
(447, 80, '2012-04-14', 6.58, '<b>Мирпит 1</b>: Сапфир: 1; Изумруд: 1; Людей: 11<br><b>Мирпит 2</b>: Янтарь: 1; Людей: 12<br>'),
(448, 102, '2012-04-14', 6.58, '<b>Мирпит 1</b>: Сапфир: 1; Изумруд: 1; Людей: 11<br><b>Мирпит 2</b>: Янтарь: 1; Людей: 12<br>'),
(449, 108, '2012-04-14', 6.58, '<b>Мирпит 1</b>: Сапфир: 1; Изумруд: 1; Людей: 11<br><b>Мирпит 2</b>: Янтарь: 1; Людей: 12<br>'),
(450, 92, '2012-04-14', 4.67, '<b>Мирпит 2</b>: Янтарь: 1; Людей: 12<br>'),
(451, 5, '2012-04-14', 0, 'за отсутствие'),
(452, 40, '2012-04-14', 0, 'за отсутствие'),
(453, 43, '2012-04-14', 0, 'за отсутствие'),
(455, 72, '2012-04-14', 0, 'за отсутствие'),
(485, 79, '2012-04-15', 4.66, '<b>Мирпит 1</b>: Людей: 16<br><b>Мирпит 2</b>: Книга: 1; Рубин: 1; Людей: 16<br>'),
(484, 78, '2012-04-15', 4.66, '<b>Мирпит 1</b>: Людей: 16<br><b>Мирпит 2</b>: Книга: 1; Рубин: 1; Людей: 16<br>'),
(483, 72, '2012-04-15', 4.66, '<b>Мирпит 1</b>: Людей: 16<br><b>Мирпит 2</b>: Книга: 1; Рубин: 1; Людей: 16<br>'),
(482, 52, '2012-04-15', 4.66, '<b>Мирпит 1</b>: Людей: 16<br><b>Мирпит 2</b>: Книга: 1; Рубин: 1; Людей: 16<br>'),
(481, 49, '2012-04-15', 4.66, '<b>Мирпит 1</b>: Людей: 16<br><b>Мирпит 2</b>: Книга: 1; Рубин: 1; Людей: 16<br>'),
(480, 44, '2012-04-15', 4.66, '<b>Мирпит 1</b>: Людей: 16<br><b>Мирпит 2</b>: Книга: 1; Рубин: 1; Людей: 16<br>'),
(839, 44, '2012-05-14', 0, 'за отсутствие'),
(840, 50, '2012-05-14', 0, 'за отсутствие'),
(478, 29, '2012-04-15', 4.66, '<b>Мирпит 1</b>: Людей: 16<br><b>Мирпит 2</b>: Книга: 1; Рубин: 1; Людей: 16<br>'),
(477, 25, '2012-04-15', 4.66, '<b>Мирпит 1</b>: Людей: 16<br><b>Мирпит 2</b>: Книга: 1; Рубин: 1; Людей: 16<br>'),
(475, 19, '2012-04-15', 4.66, '<b>Мирпит 1</b>: Людей: 16<br><b>Мирпит 2</b>: Книга: 1; Рубин: 1; Людей: 16<br>'),
(473, 5, '2012-04-15', 4.66, '<b>Мирпит 1</b>: Людей: 16<br><b>Мирпит 2</b>: Книга: 1; Рубин: 1; Людей: 16<br>'),
(486, 80, '2012-04-15', 4.66, '<b>Мирпит 1</b>: Людей: 16<br><b>Мирпит 2</b>: Книга: 1; Рубин: 1; Людей: 16<br>'),
(487, 104, '2012-04-15', 4.66, '<b>Мирпит 1</b>: Людей: 16<br><b>Мирпит 2</b>: Книга: 1; Рубин: 1; Людей: 16<br>'),
(488, 108, '2012-04-15', 4.66, '<b>Мирпит 1</b>: Людей: 16<br><b>Мирпит 2</b>: Книга: 1; Рубин: 1; Людей: 16<br>'),
(489, 51, '2012-04-15', 0, 'за отсутствие'),
(854, 78, '2012-05-18', 18.31, '<b>Мирпит 1</b>: Янтарь: 1; Рубин: 3; Сапфир: 1; Топаз: 2; Людей: 13<br>'),
(492, 74, '2012-04-15', 0, 'за отсутствие'),
(494, 19, '2012-04-16', 4.38, '<b>Мирпит 1</b>: Книга: 1; Людей: 13<br><b>Мирпит 2</b>: Книга: 1; Сапфир: 1; Топаз: 1; Людей: 15<br>'),
(495, 24, '2012-04-16', 4.38, '<b>Мирпит 1</b>: Книга: 1; Людей: 13<br><b>Мирпит 2</b>: Книга: 1; Сапфир: 1; Топаз: 1; Людей: 15<br>'),
(496, 26, '2012-04-16', 4.38, '<b>Мирпит 1</b>: Книга: 1; Людей: 13<br><b>Мирпит 2</b>: Книга: 1; Сапфир: 1; Топаз: 1; Людей: 15<br>'),
(497, 38, '2012-04-16', 4.38, '<b>Мирпит 1</b>: Книга: 1; Людей: 13<br><b>Мирпит 2</b>: Книга: 1; Сапфир: 1; Топаз: 1; Людей: 15<br>'),
(498, 44, '2012-04-16', 4.38, '<b>Мирпит 1</b>: Книга: 1; Людей: 13<br><b>Мирпит 2</b>: Книга: 1; Сапфир: 1; Топаз: 1; Людей: 15<br>'),
(499, 48, '2012-04-16', 4.38, '<b>Мирпит 1</b>: Книга: 1; Людей: 13<br><b>Мирпит 2</b>: Книга: 1; Сапфир: 1; Топаз: 1; Людей: 15<br>'),
(500, 51, '2012-04-16', 4.38, '<b>Мирпит 1</b>: Книга: 1; Людей: 13<br><b>Мирпит 2</b>: Книга: 1; Сапфир: 1; Топаз: 1; Людей: 15<br>'),
(501, 52, '2012-04-16', 4.38, '<b>Мирпит 1</b>: Книга: 1; Людей: 13<br><b>Мирпит 2</b>: Книга: 1; Сапфир: 1; Топаз: 1; Людей: 15<br>'),
(502, 59, '2012-04-16', 4.38, '<b>Мирпит 1</b>: Книга: 1; Людей: 13<br><b>Мирпит 2</b>: Книга: 1; Сапфир: 1; Топаз: 1; Людей: 15<br>'),
(503, 80, '2012-04-16', 4.38, '<b>Мирпит 1</b>: Книга: 1; Людей: 13<br><b>Мирпит 2</b>: Книга: 1; Сапфир: 1; Топаз: 1; Людей: 15<br>'),
(504, 99, '2012-04-16', 4.38, '<b>Мирпит 1</b>: Книга: 1; Людей: 13<br><b>Мирпит 2</b>: Книга: 1; Сапфир: 1; Топаз: 1; Людей: 15<br>'),
(505, 102, '2012-04-16', 4.38, '<b>Мирпит 1</b>: Книга: 1; Людей: 13<br><b>Мирпит 2</b>: Книга: 1; Сапфир: 1; Топаз: 1; Людей: 15<br>'),
(506, 104, '2012-04-16', 4.38, '<b>Мирпит 1</b>: Книга: 1; Людей: 13<br><b>Мирпит 2</b>: Книга: 1; Сапфир: 1; Топаз: 1; Людей: 15<br>'),
(852, 51, '2012-05-18', 18.31, '<b>Мирпит 1</b>: Янтарь: 1; Рубин: 3; Сапфир: 1; Топаз: 2; Людей: 13<br>'),
(853, 52, '2012-05-18', 18.31, '<b>Мирпит 1</b>: Янтарь: 1; Рубин: 3; Сапфир: 1; Топаз: 2; Людей: 13<br>'),
(509, 29, '2012-04-16', 0, 'за отсутствие'),
(510, 43, '2012-04-16', 0, 'за отсутствие'),
(835, 51, '2012-05-14', 20.36, '<b>Мирпит 1</b>: Рубин: 1; Сапфир: 2; Людей: 11<br><b>Мирпит 2</b>: Янтарь: 2; Сапфир: 1; Людей: 11<br>'),
(513, 5, '2012-04-17', 10.26, '<b>Мирпит 1</b>: Рубин: 2; Людей: 15<br><b>Мирпит 2</b>: Янтарь: 1; Людей: 15<br>'),
(834, 49, '2012-05-14', 20.36, '<b>Мирпит 1</b>: Рубин: 1; Сапфир: 2; Людей: 11<br><b>Мирпит 2</b>: Янтарь: 2; Сапфир: 1; Людей: 11<br>'),
(515, 19, '2012-04-17', 10.26, '<b>Мирпит 1</b>: Рубин: 2; Людей: 15<br><b>Мирпит 2</b>: Янтарь: 1; Людей: 15<br>'),
(516, 26, '2012-04-17', 10.26, '<b>Мирпит 1</b>: Рубин: 2; Людей: 15<br><b>Мирпит 2</b>: Янтарь: 1; Людей: 15<br>'),
(517, 33, '2012-04-17', 10.26, '<b>Мирпит 1</b>: Рубин: 2; Людей: 15<br><b>Мирпит 2</b>: Янтарь: 1; Людей: 15<br>'),
(518, 37, '2012-04-17', 10.26, '<b>Мирпит 1</b>: Рубин: 2; Людей: 15<br><b>Мирпит 2</b>: Янтарь: 1; Людей: 15<br>'),
(519, 39, '2012-04-17', 10.26, '<b>Мирпит 1</b>: Рубин: 2; Людей: 15<br><b>Мирпит 2</b>: Янтарь: 1; Людей: 15<br>'),
(520, 48, '2012-04-17', 10.26, '<b>Мирпит 1</b>: Рубин: 2; Людей: 15<br><b>Мирпит 2</b>: Янтарь: 1; Людей: 15<br>'),
(521, 52, '2012-04-17', 10.26, '<b>Мирпит 1</b>: Рубин: 2; Людей: 15<br><b>Мирпит 2</b>: Янтарь: 1; Людей: 15<br>'),
(523, 72, '2012-04-17', 10.26, '<b>Мирпит 1</b>: Рубин: 2; Людей: 15<br><b>Мирпит 2</b>: Янтарь: 1; Людей: 15<br>'),
(524, 78, '2012-04-17', 10.26, '<b>Мирпит 1</b>: Рубин: 2; Людей: 15<br><b>Мирпит 2</b>: Янтарь: 1; Людей: 15<br>'),
(525, 80, '2012-04-17', 10.26, '<b>Мирпит 1</b>: Рубин: 2; Людей: 15<br><b>Мирпит 2</b>: Янтарь: 1; Людей: 15<br>'),
(526, 99, '2012-04-17', 10.26, '<b>Мирпит 1</b>: Рубин: 2; Людей: 15<br><b>Мирпит 2</b>: Янтарь: 1; Людей: 15<br>'),
(825, 115, '2012-05-10', 10.55, '<b>Мирпит 1</b>: Книга: 1; Топаз: 2; Изумруд: 2; Людей: 8<br><b>Мирпит 2</b>: Книга: 1; Сапфир: 2; Изумруд: 1; Людей: 9<br>'),
(843, 85, '2012-05-14', 0, 'за отсутствие'),
(532, 70, '2012-04-17', 0, 'за отсутствие'),
(533, 74, '2012-04-17', 0, 'за отсутствие'),
(536, 19, '2012-04-18', 4, '<b>Мирпит 1</b>: Изумруд: 1; Людей: 13<br><b>Мирпит 2</b>: Янтарь: 1; Людей: 16<br>'),
(537, 26, '2012-04-18', 4, '<b>Мирпит 1</b>: Изумруд: 1; Людей: 13<br><b>Мирпит 2</b>: Янтарь: 1; Людей: 16<br>'),
(538, 43, '2012-04-18', 4, '<b>Мирпит 1</b>: Изумруд: 1; Людей: 13<br><b>Мирпит 2</b>: Янтарь: 1; Людей: 16<br>'),
(539, 48, '2012-04-18', 4, '<b>Мирпит 1</b>: Изумруд: 1; Людей: 13<br><b>Мирпит 2</b>: Янтарь: 1; Людей: 16<br>'),
(540, 52, '2012-04-18', 4, '<b>Мирпит 1</b>: Изумруд: 1; Людей: 13<br><b>Мирпит 2</b>: Янтарь: 1; Людей: 16<br>'),
(541, 66, '2012-04-18', 4, '<b>Мирпит 1</b>: Изумруд: 1; Людей: 13<br><b>Мирпит 2</b>: Янтарь: 1; Людей: 16<br>'),
(542, 72, '2012-04-18', 4, '<b>Мирпит 1</b>: Изумруд: 1; Людей: 13<br><b>Мирпит 2</b>: Янтарь: 1; Людей: 16<br>'),
(544, 78, '2012-04-18', 4, '<b>Мирпит 1</b>: Изумруд: 1; Людей: 13<br><b>Мирпит 2</b>: Янтарь: 1; Людей: 16<br>'),
(545, 80, '2012-04-18', 4, '<b>Мирпит 1</b>: Изумруд: 1; Людей: 13<br><b>Мирпит 2</b>: Янтарь: 1; Людей: 16<br>'),
(808, 59, '2012-05-06', 4, '<b>Мирпит 1</b>: Рубин: 1; Людей: 14<br><b>Мирпит 2</b>: Людей: 13<br>'),
(547, 24, '2012-04-18', 3.5, '<b>Мирпит 2</b>: Янтарь: 1; Людей: 16<br>'),
(548, 91, '2012-04-18', 3.5, '<b>Мирпит 2</b>: Янтарь: 1; Людей: 16<br>'),
(549, 99, '2012-04-18', 3.5, '<b>Мирпит 2</b>: Янтарь: 1; Людей: 16<br>'),
(550, 27, '2012-04-18', 0, 'за отсутствие'),
(551, 45, '2012-04-18', 0, 'за отсутствие'),
(822, 80, '2012-05-10', 10.55, '<b>Мирпит 1</b>: Книга: 1; Топаз: 2; Изумруд: 2; Людей: 8<br><b>Мирпит 2</b>: Книга: 1; Сапфир: 2; Изумруд: 1; Людей: 9<br>'),
(553, 51, '2012-04-18', 0, 'за отсутствие'),
(555, 19, '2012-04-19', 1.46, '<b>Мирпит 1</b>: Книга: 1; Людей: 12<br>'),
(556, 24, '2012-04-19', 1.46, '<b>Мирпит 1</b>: Книга: 1; Людей: 12<br>'),
(557, 27, '2012-04-19', 1.46, '<b>Мирпит 1</b>: Книга: 1; Людей: 12<br>'),
(558, 29, '2012-04-19', 1.46, '<b>Мирпит 1</b>: Книга: 1; Людей: 12<br>'),
(559, 38, '2012-04-19', 1.46, '<b>Мирпит 1</b>: Книга: 1; Людей: 12<br>'),
(560, 43, '2012-04-19', 5.84, '<b>Мирпит 1</b>: Книга: 1; Людей: 12<br><b>Мирпит 2</b>: Книга: 1; Людей: 4<br>'),
(561, 52, '2012-04-19', 5.84, '<b>Мирпит 1</b>: Книга: 1; Людей: 12<br><b>Мирпит 2</b>: Книга: 1; Людей: 4<br>'),
(562, 66, '2012-04-19', 5.84, '<b>Мирпит 1</b>: Книга: 1; Людей: 12<br><b>Мирпит 2</b>: Книга: 1; Людей: 4<br>'),
(563, 72, '2012-04-19', 1.46, '<b>Мирпит 1</b>: Книга: 1; Людей: 12<br>'),
(564, 78, '2012-04-19', 1.46, '<b>Мирпит 1</b>: Книга: 1; Людей: 12<br>'),
(565, 99, '2012-04-19', 1.46, '<b>Мирпит 1</b>: Книга: 1; Людей: 12<br>'),
(566, 102, '2012-04-19', 1.46, '<b>Мирпит 1</b>: Книга: 1; Людей: 12<br>'),
(851, 50, '2012-05-18', 18.31, '<b>Мирпит 1</b>: Янтарь: 1; Рубин: 3; Сапфир: 1; Топаз: 2; Людей: 13<br>'),
(569, 80, '2012-04-19', 0, 'за отсутствие'),
(570, 85, '2012-04-19', 0, 'за отсутствие'),
(571, 95, '2012-04-19', 0, 'за отсутствие'),
(850, 49, '2012-05-18', 18.31, '<b>Мирпит 1</b>: Янтарь: 1; Рубин: 3; Сапфир: 1; Топаз: 2; Людей: 13<br>'),
(573, 19, '2012-04-20', 10.5, '<b>Мирпит 1</b>: Книга: 1; Рубин: 3; Людей: 21<br><b>Мирпит 2</b>: Янтарь: 1; Людей: 21<br>'),
(574, 27, '2012-04-20', 10.5, '<b>Мирпит 1</b>: Книга: 1; Рубин: 3; Людей: 21<br><b>Мирпит 2</b>: Янтарь: 1; Людей: 21<br>'),
(575, 38, '2012-04-20', 10.5, '<b>Мирпит 1</b>: Книга: 1; Рубин: 3; Людей: 21<br><b>Мирпит 2</b>: Янтарь: 1; Людей: 21<br>'),
(576, 40, '2012-04-20', 10.5, '<b>Мирпит 1</b>: Книга: 1; Рубин: 3; Людей: 21<br><b>Мирпит 2</b>: Янтарь: 1; Людей: 21<br>'),
(577, 43, '2012-04-20', 10.5, '<b>Мирпит 1</b>: Книга: 1; Рубин: 3; Людей: 21<br><b>Мирпит 2</b>: Янтарь: 1; Людей: 21<br>'),
(578, 45, '2012-04-20', 10.5, '<b>Мирпит 1</b>: Книга: 1; Рубин: 3; Людей: 21<br><b>Мирпит 2</b>: Янтарь: 1; Людей: 21<br>'),
(579, 48, '2012-04-20', 10.5, '<b>Мирпит 1</b>: Книга: 1; Рубин: 3; Людей: 21<br><b>Мирпит 2</b>: Янтарь: 1; Людей: 21<br>'),
(580, 52, '2012-04-20', 10.5, '<b>Мирпит 1</b>: Книга: 1; Рубин: 3; Людей: 21<br><b>Мирпит 2</b>: Янтарь: 1; Людей: 21<br>'),
(581, 56, '2012-04-20', 10.5, '<b>Мирпит 1</b>: Книга: 1; Рубин: 3; Людей: 21<br><b>Мирпит 2</b>: Янтарь: 1; Людей: 21<br>'),
(582, 59, '2012-04-20', 10.5, '<b>Мирпит 1</b>: Книга: 1; Рубин: 3; Людей: 21<br><b>Мирпит 2</b>: Янтарь: 1; Людей: 21<br>'),
(583, 72, '2012-04-20', 10.5, '<b>Мирпит 1</b>: Книга: 1; Рубин: 3; Людей: 21<br><b>Мирпит 2</b>: Янтарь: 1; Людей: 21<br>'),
(849, 45, '2012-05-18', 18.31, '<b>Мирпит 1</b>: Янтарь: 1; Рубин: 3; Сапфир: 1; Топаз: 2; Людей: 13<br>'),
(848, 43, '2012-05-18', 18.31, '<b>Мирпит 1</b>: Янтарь: 1; Рубин: 3; Сапфир: 1; Топаз: 2; Людей: 13<br>'),
(585, 79, '2012-04-20', 10.5, '<b>Мирпит 1</b>: Книга: 1; Рубин: 3; Людей: 21<br><b>Мирпит 2</b>: Янтарь: 1; Людей: 21<br>'),
(586, 80, '2012-04-20', 10.5, '<b>Мирпит 1</b>: Книга: 1; Рубин: 3; Людей: 21<br><b>Мирпит 2</b>: Янтарь: 1; Людей: 21<br>'),
(806, 49, '2012-05-06', 4, '<b>Мирпит 1</b>: Рубин: 1; Людей: 14<br><b>Мирпит 2</b>: Людей: 13<br>'),
(807, 50, '2012-05-06', 4, '<b>Мирпит 1</b>: Рубин: 1; Людей: 14<br><b>Мирпит 2</b>: Людей: 13<br>'),
(589, 99, '2012-04-20', 10.5, '<b>Мирпит 1</b>: Книга: 1; Рубин: 3; Людей: 21<br><b>Мирпит 2</b>: Янтарь: 1; Людей: 21<br>'),
(824, 118, '2012-05-10', 10.55, '<b>Мирпит 1</b>: Книга: 1; Топаз: 2; Изумруд: 2; Людей: 8<br><b>Мирпит 2</b>: Книга: 1; Сапфир: 2; Изумруд: 1; Людей: 9<br>'),
(591, 110, '2012-04-20', 10.5, '<b>Мирпит 1</b>: Книга: 1; Рубин: 3; Людей: 21<br><b>Мирпит 2</b>: Янтарь: 1; Людей: 21<br>'),
(592, 108, '2012-04-20', 10.5, '<b>Мирпит 1</b>: Книга: 1; Рубин: 3; Людей: 21<br><b>Мирпит 2</b>: Янтарь: 1; Людей: 21<br>'),
(594, 37, '2012-04-20', 0, 'за отсутствие'),
(821, 54, '2012-05-10', 10.55, '<b>Мирпит 1</b>: Книга: 1; Топаз: 2; Изумруд: 2; Людей: 8<br><b>Мирпит 2</b>: Книга: 1; Сапфир: 2; Изумруд: 1; Людей: 9<br>'),
(820, 49, '2012-05-10', 10.55, '<b>Мирпит 1</b>: Книга: 1; Топаз: 2; Изумруд: 2; Людей: 8<br><b>Мирпит 2</b>: Книга: 1; Сапфир: 2; Изумруд: 1; Людей: 9<br>'),
(819, 33, '2012-05-10', 10.55, '<b>Мирпит 1</b>: Книга: 1; Топаз: 2; Изумруд: 2; Людей: 8<br><b>Мирпит 2</b>: Книга: 1; Сапфир: 2; Изумруд: 1; Людей: 9<br>'),
(818, 29, '2012-05-10', 10.55, '<b>Мирпит 1</b>: Книга: 1; Топаз: 2; Изумруд: 2; Людей: 8<br><b>Мирпит 2</b>: Книга: 1; Сапфир: 2; Изумруд: 1; Людей: 9<br>'),
(815, 33, '2012-05-06', 0, 'за отсутствие'),
(816, 80, '2012-05-06', 0, 'за отсутствие'),
(817, 102, '2012-05-06', 0, 'за отсутствие'),
(814, 29, '2012-05-06', 0, 'за отсутствие'),
(813, 115, '2012-05-06', 4, '<b>Мирпит 1</b>: Рубин: 1; Людей: 14<br><b>Мирпит 2</b>: Людей: 13<br>'),
(809, 79, '2012-05-06', 4, '<b>Мирпит 1</b>: Рубин: 1; Людей: 14<br><b>Мирпит 2</b>: Людей: 13<br>'),
(810, 113, '2012-05-06', 3.5, '<b>Мирпит 1</b>: Рубин: 1; Людей: 14<br>'),
(811, 104, '2012-05-06', 4, '<b>Мирпит 1</b>: Рубин: 1; Людей: 14<br><b>Мирпит 2</b>: Людей: 13<br>'),
(812, 110, '2012-05-06', 4, '<b>Мирпит 1</b>: Рубин: 1; Людей: 14<br><b>Мирпит 2</b>: Людей: 13<br>'),
(642, 12, '2012-04-24', 50.6, '<b>Мирпит 1</b>: Книга: 1; Янтарь: 2; Рубин: 1; Изумруд: 2; Людей: 6<br><b>Мирпит 2</b>: Людей: 8<br>'),
(643, 33, '2012-04-24', 50.6, '<b>Мирпит 1</b>: Книга: 1; Янтарь: 2; Рубин: 1; Изумруд: 2; Людей: 6<br><b>Мирпит 2</b>: Людей: 8<br>'),
(644, 37, '2012-04-24', 50.6, '<b>Мирпит 1</b>: Книга: 1; Янтарь: 2; Рубин: 1; Изумруд: 2; Людей: 6<br><b>Мирпит 2</b>: Людей: 8<br>'),
(645, 43, '2012-04-24', 50.6, '<b>Мирпит 1</b>: Книга: 1; Янтарь: 2; Рубин: 1; Изумруд: 2; Людей: 6<br><b>Мирпит 2</b>: Людей: 8<br>'),
(646, 50, '2012-04-24', 50.6, '<b>Мирпит 1</b>: Книга: 1; Янтарь: 2; Рубин: 1; Изумруд: 2; Людей: 6<br><b>Мирпит 2</b>: Людей: 8<br>'),
(647, 66, '2012-04-24', 50.6, '<b>Мирпит 1</b>: Книга: 1; Янтарь: 2; Рубин: 1; Изумруд: 2; Людей: 6<br><b>Мирпит 2</b>: Людей: 8<br>'),
(648, 5, '2012-04-24', 27.56, '<b>Мирпит 2</b>: Людей: 8<br>'),
(649, 94, '2012-04-24', 27.56, '<b>Мирпит 2</b>: Людей: 8<br>'),
(651, 5, '2012-04-21', 3.34, '<b>Мирпит 1</b>: Книга: 2; Изумруд: 1; Людей: 16<br><b>Мирпит 2</b>: Сапфир: 1; Топаз: 1; Людей: 19<br>'),
(652, 13, '2012-04-21', 1.94, '<b>Мирпит 1</b>: Книга: 2; Изумруд: 1; Людей: 16<br>'),
(653, 25, '2012-04-21', 3.34, '<b>Мирпит 1</b>: Книга: 2; Изумруд: 1; Людей: 16<br><b>Мирпит 2</b>: Сапфир: 1; Топаз: 1; Людей: 19<br>'),
(654, 26, '2012-04-21', 3.34, '<b>Мирпит 1</b>: Книга: 2; Изумруд: 1; Людей: 16<br><b>Мирпит 2</b>: Сапфир: 1; Топаз: 1; Людей: 19<br>'),
(655, 38, '2012-04-21', 3.34, '<b>Мирпит 1</b>: Книга: 2; Изумруд: 1; Людей: 16<br><b>Мирпит 2</b>: Сапфир: 1; Топаз: 1; Людей: 19<br>'),
(656, 40, '2012-04-21', 3.34, '<b>Мирпит 1</b>: Книга: 2; Изумруд: 1; Людей: 16<br><b>Мирпит 2</b>: Сапфир: 1; Топаз: 1; Людей: 19<br>'),
(657, 45, '2012-04-21', 3.34, '<b>Мирпит 1</b>: Книга: 2; Изумруд: 1; Людей: 16<br><b>Мирпит 2</b>: Сапфир: 1; Топаз: 1; Людей: 19<br>'),
(658, 49, '2012-04-21', 3.34, '<b>Мирпит 1</b>: Книга: 2; Изумруд: 1; Людей: 16<br><b>Мирпит 2</b>: Сапфир: 1; Топаз: 1; Людей: 19<br>'),
(659, 62, '2012-04-21', 3.34, '<b>Мирпит 1</b>: Книга: 2; Изумруд: 1; Людей: 16<br><b>Мирпит 2</b>: Сапфир: 1; Топаз: 1; Людей: 19<br>'),
(660, 72, '2012-04-21', 3.34, '<b>Мирпит 1</b>: Книга: 2; Изумруд: 1; Людей: 16<br><b>Мирпит 2</b>: Сапфир: 1; Топаз: 1; Людей: 19<br>'),
(661, 74, '2012-04-21', 3.34, '<b>Мирпит 1</b>: Книга: 2; Изумруд: 1; Людей: 16<br><b>Мирпит 2</b>: Сапфир: 1; Топаз: 1; Людей: 19<br>'),
(662, 79, '2012-04-21', 3.34, '<b>Мирпит 1</b>: Книга: 2; Изумруд: 1; Людей: 16<br><b>Мирпит 2</b>: Сапфир: 1; Топаз: 1; Людей: 19<br>'),
(664, 104, '2012-04-21', 3.34, '<b>Мирпит 1</b>: Книга: 2; Изумруд: 1; Людей: 16<br><b>Мирпит 2</b>: Сапфир: 1; Топаз: 1; Людей: 19<br>'),
(665, 110, '2012-04-21', 3.34, '<b>Мирпит 1</b>: Книга: 2; Изумруд: 1; Людей: 16<br><b>Мирпит 2</b>: Сапфир: 1; Топаз: 1; Людей: 19<br>'),
(666, 108, '2012-04-21', 3.34, '<b>Мирпит 1</b>: Книга: 2; Изумруд: 1; Людей: 16<br><b>Мирпит 2</b>: Сапфир: 1; Топаз: 1; Людей: 19<br>'),
(667, 19, '2012-04-21', 1.4, '<b>Мирпит 2</b>: Сапфир: 1; Топаз: 1; Людей: 19<br>'),
(668, 80, '2012-04-21', 1.4, '<b>Мирпит 2</b>: Сапфир: 1; Топаз: 1; Людей: 19<br>'),
(805, 45, '2012-05-06', 4, '<b>Мирпит 1</b>: Рубин: 1; Людей: 14<br><b>Мирпит 2</b>: Людей: 13<br>'),
(670, 91, '2012-04-21', 1.4, '<b>Мирпит 2</b>: Сапфир: 1; Топаз: 1; Людей: 19<br>'),
(672, 28, '2012-04-21', 0, 'за отсутствие'),
(674, 26, '2012-04-28', 25.28, '<b>Мирпит 1</b>: Книга: 2; Янтарь: 1; Изумруд: 1; Людей: 9<br><b>Мирпит 2</b>: Книга: 1; Янтарь: 2; Топаз: 1; Изумруд: 1; Людей: 9<br>'),
(675, 40, '2012-04-28', 25.28, '<b>Мирпит 1</b>: Книга: 2; Янтарь: 1; Изумруд: 1; Людей: 9<br><b>Мирпит 2</b>: Книга: 1; Янтарь: 2; Топаз: 1; Изумруд: 1; Людей: 9<br>'),
(676, 43, '2012-04-28', 25.28, '<b>Мирпит 1</b>: Книга: 2; Янтарь: 1; Изумруд: 1; Людей: 9<br><b>Мирпит 2</b>: Книга: 1; Янтарь: 2; Топаз: 1; Изумруд: 1; Людей: 9<br>'),
(677, 44, '2012-04-28', 25.28, '<b>Мирпит 1</b>: Книга: 2; Янтарь: 1; Изумруд: 1; Людей: 9<br><b>Мирпит 2</b>: Книга: 1; Янтарь: 2; Топаз: 1; Изумруд: 1; Людей: 9<br>'),
(678, 66, '2012-04-28', 25.28, '<b>Мирпит 1</b>: Книга: 2; Янтарь: 1; Изумруд: 1; Людей: 9<br><b>Мирпит 2</b>: Книга: 1; Янтарь: 2; Топаз: 1; Изумруд: 1; Людей: 9<br>'),
(680, 78, '2012-04-28', 25.28, '<b>Мирпит 1</b>: Книга: 2; Янтарь: 1; Изумруд: 1; Людей: 9<br><b>Мирпит 2</b>: Книга: 1; Янтарь: 2; Топаз: 1; Изумруд: 1; Людей: 9<br>'),
(681, 104, '2012-04-28', 25.28, '<b>Мирпит 1</b>: Книга: 2; Янтарь: 1; Изумруд: 1; Людей: 9<br><b>Мирпит 2</b>: Книга: 1; Янтарь: 2; Топаз: 1; Изумруд: 1; Людей: 9<br>'),
(682, 108, '2012-04-28', 25.28, '<b>Мирпит 1</b>: Книга: 2; Янтарь: 1; Изумруд: 1; Людей: 9<br><b>Мирпит 2</b>: Книга: 1; Янтарь: 2; Топаз: 1; Изумруд: 1; Людей: 9<br>'),
(683, 28, '2012-04-28', 0, 'за отсутствие'),
(684, 29, '2012-04-28', 0, 'за отсутствие'),
(685, 50, '2012-04-28', 0, 'за отсутствие'),
(686, 113, '2012-04-28', 0, 'за отсутствие'),
(687, 112, '2012-04-28', 0, 'за отсутствие'),
(779, 28, '2012-05-02', 0, 'за отсутствие'),
(780, 29, '2012-05-02', 0, 'за отсутствие'),
(842, 70, '2012-05-14', 0, 'за отсутствие'),
(782, 33, '2012-05-02', 0, 'за отсутствие'),
(777, 12, '2012-05-02', 2.14, '<b>Мирпит 2</b>: Книга: 1; Сапфир: 1; Людей: 18<br>'),
(778, 115, '2012-05-02', 2.14, '<b>Мирпит 2</b>: Книга: 1; Сапфир: 1; Людей: 18<br>'),
(776, 112, '2012-05-02', 7.83, '<b>Мирпит 1</b>: Книга: 2; Янтарь: 1; Людей: 16<br><b>Мирпит 2</b>: Книга: 1; Сапфир: 1; Людей: 18<br>'),
(775, 78, '2012-05-02', 7.83, '<b>Мирпит 1</b>: Книга: 2; Янтарь: 1; Людей: 16<br><b>Мирпит 2</b>: Книга: 1; Сапфир: 1; Людей: 18<br>'),
(774, 72, '2012-05-02', 7.83, '<b>Мирпит 1</b>: Книга: 2; Янтарь: 1; Людей: 16<br><b>Мирпит 2</b>: Книга: 1; Сапфир: 1; Людей: 18<br>'),
(773, 66, '2012-05-02', 7.83, '<b>Мирпит 1</b>: Книга: 2; Янтарь: 1; Людей: 16<br><b>Мирпит 2</b>: Книга: 1; Сапфир: 1; Людей: 18<br>'),
(772, 60, '2012-05-02', 7.83, '<b>Мирпит 1</b>: Книга: 2; Янтарь: 1; Людей: 16<br><b>Мирпит 2</b>: Книга: 1; Сапфир: 1; Людей: 18<br>'),
(771, 56, '2012-05-02', 7.83, '<b>Мирпит 1</b>: Книга: 2; Янтарь: 1; Людей: 16<br><b>Мирпит 2</b>: Книга: 1; Сапфир: 1; Людей: 18<br>'),
(829, 19, '2012-05-14', 20.36, '<b>Мирпит 1</b>: Рубин: 1; Сапфир: 2; Людей: 11<br><b>Мирпит 2</b>: Янтарь: 2; Сапфир: 1; Людей: 11<br>'),
(769, 43, '2012-05-02', 7.83, '<b>Мирпит 1</b>: Книга: 2; Янтарь: 1; Людей: 16<br><b>Мирпит 2</b>: Книга: 1; Сапфир: 1; Людей: 18<br>'),
(768, 37, '2012-05-02', 7.83, '<b>Мирпит 1</b>: Книга: 2; Янтарь: 1; Людей: 16<br><b>Мирпит 2</b>: Книга: 1; Сапфир: 1; Людей: 18<br>'),
(767, 114, '2012-05-02', 7.83, '<b>Мирпит 1</b>: Книга: 2; Янтарь: 1; Людей: 16<br><b>Мирпит 2</b>: Книга: 1; Сапфир: 1; Людей: 18<br>'),
(766, 26, '2012-05-02', 7.83, '<b>Мирпит 1</b>: Книга: 2; Янтарь: 1; Людей: 16<br><b>Мирпит 2</b>: Книга: 1; Сапфир: 1; Людей: 18<br>'),
(833, 43, '2012-05-14', 20.36, '<b>Мирпит 1</b>: Рубин: 1; Сапфир: 2; Людей: 11<br><b>Мирпит 2</b>: Янтарь: 2; Сапфир: 1; Людей: 11<br>'),
(765, 20, '2012-05-02', 7.83, '<b>Мирпит 1</b>: Книга: 2; Янтарь: 1; Людей: 16<br><b>Мирпит 2</b>: Книга: 1; Сапфир: 1; Людей: 18<br>');
INSERT INTO `nja_mirpit` (`id`, `uid`, `date`, `ball`, `text`) VALUES
(763, 16, '2012-05-02', 7.83, '<b>Мирпит 1</b>: Книга: 2; Янтарь: 1; Людей: 16<br><b>Мирпит 2</b>: Книга: 1; Сапфир: 1; Людей: 18<br>'),
(714, 16, '2012-04-09', 3.5, '<b>Мирпит 1</b>: Книга: 3; Сапфир: 1; Людей: 20<br><b>Мирпит 2</b>: Книга: 2; Людей: 20<br>'),
(715, 24, '2012-04-09', 3.5, '<b>Мирпит 1</b>: Книга: 3; Сапфир: 1; Людей: 20<br><b>Мирпит 2</b>: Книга: 2; Людей: 20<br>'),
(716, 27, '2012-04-09', 3.5, '<b>Мирпит 1</b>: Книга: 3; Сапфир: 1; Людей: 20<br><b>Мирпит 2</b>: Книга: 2; Людей: 20<br>'),
(717, 29, '2012-04-09', 3.5, '<b>Мирпит 1</b>: Книга: 3; Сапфир: 1; Людей: 20<br><b>Мирпит 2</b>: Книга: 2; Людей: 20<br>'),
(718, 33, '2012-04-09', 3.5, '<b>Мирпит 1</b>: Книга: 3; Сапфир: 1; Людей: 20<br><b>Мирпит 2</b>: Книга: 2; Людей: 20<br>'),
(719, 43, '2012-04-09', 3.5, '<b>Мирпит 1</b>: Книга: 3; Сапфир: 1; Людей: 20<br><b>Мирпит 2</b>: Книга: 2; Людей: 20<br>'),
(720, 44, '2012-04-09', 3.5, '<b>Мирпит 1</b>: Книга: 3; Сапфир: 1; Людей: 20<br><b>Мирпит 2</b>: Книга: 2; Людей: 20<br>'),
(721, 49, '2012-04-09', 3.5, '<b>Мирпит 1</b>: Книга: 3; Сапфир: 1; Людей: 20<br><b>Мирпит 2</b>: Книга: 2; Людей: 20<br>'),
(722, 59, '2012-04-09', 3.5, '<b>Мирпит 1</b>: Книга: 3; Сапфир: 1; Людей: 20<br><b>Мирпит 2</b>: Книга: 2; Людей: 20<br>'),
(800, 5, '2012-05-06', 4, '<b>Мирпит 1</b>: Рубин: 1; Людей: 14<br><b>Мирпит 2</b>: Людей: 13<br>'),
(724, 66, '2012-04-09', 3.5, '<b>Мирпит 1</b>: Книга: 3; Сапфир: 1; Людей: 20<br><b>Мирпит 2</b>: Книга: 2; Людей: 20<br>'),
(725, 70, '2012-04-09', 3.5, '<b>Мирпит 1</b>: Книга: 3; Сапфир: 1; Людей: 20<br><b>Мирпит 2</b>: Книга: 2; Людей: 20<br>'),
(726, 72, '2012-04-09', 3.5, '<b>Мирпит 1</b>: Книга: 3; Сапфир: 1; Людей: 20<br><b>Мирпит 2</b>: Книга: 2; Людей: 20<br>'),
(727, 74, '2012-04-09', 3.5, '<b>Мирпит 1</b>: Книга: 3; Сапфир: 1; Людей: 20<br><b>Мирпит 2</b>: Книга: 2; Людей: 20<br>'),
(728, 80, '2012-04-09', 3.5, '<b>Мирпит 1</b>: Книга: 3; Сапфир: 1; Людей: 20<br><b>Мирпит 2</b>: Книга: 2; Людей: 20<br>'),
(729, 85, '2012-04-09', 3.5, '<b>Мирпит 1</b>: Книга: 3; Сапфир: 1; Людей: 20<br><b>Мирпит 2</b>: Книга: 2; Людей: 20<br>'),
(804, 40, '2012-05-06', 4, '<b>Мирпит 1</b>: Рубин: 1; Людей: 14<br><b>Мирпит 2</b>: Людей: 13<br>'),
(732, 102, '2012-04-09', 3.5, '<b>Мирпит 1</b>: Книга: 3; Сапфир: 1; Людей: 20<br><b>Мирпит 2</b>: Книга: 2; Людей: 20<br>'),
(733, 108, '2012-04-09', 3.5, '<b>Мирпит 1</b>: Книга: 3; Сапфир: 1; Людей: 20<br><b>Мирпит 2</b>: Книга: 2; Людей: 20<br>'),
(762, 6, '2012-05-02', 7.83, '<b>Мирпит 1</b>: Книга: 2; Янтарь: 1; Людей: 16<br><b>Мирпит 2</b>: Книга: 1; Сапфир: 1; Людей: 18<br>'),
(761, 5, '2012-05-02', 7.83, '<b>Мирпит 1</b>: Книга: 2; Янтарь: 1; Людей: 16<br><b>Мирпит 2</b>: Книга: 1; Сапфир: 1; Людей: 18<br>'),
(784, 50, '2012-05-02', 0, 'за отсутствие'),
(785, 52, '2012-05-02', 0, 'за отсутствие'),
(786, 59, '2012-05-02', 0, 'за отсутствие'),
(857, 116, '2012-05-18', 18.31, '<b>Мирпит 1</b>: Янтарь: 1; Рубин: 3; Сапфир: 1; Топаз: 2; Людей: 13<br>'),
(864, 43, '2012-05-22', 26.6, '<b>Мирпит 1</b>: Книга: 2; Янтарь: 1; Сапфир: 2; Изумруд: 1; Людей: 5<br>'),
(863, 12, '2012-05-22', 26.6, '<b>Мирпит 1</b>: Книга: 2; Янтарь: 1; Сапфир: 2; Изумруд: 1; Людей: 5<br>'),
(865, 52, '2012-05-22', 26.6, '<b>Мирпит 1</b>: Книга: 2; Янтарь: 1; Сапфир: 2; Изумруд: 1; Людей: 5<br>'),
(866, 68, '2012-05-22', 26.6, '<b>Мирпит 1</b>: Книга: 2; Янтарь: 1; Сапфир: 2; Изумруд: 1; Людей: 5<br>'),
(867, 112, '2012-05-22', 26.6, '<b>Мирпит 1</b>: Книга: 2; Янтарь: 1; Сапфир: 2; Изумруд: 1; Людей: 5<br>'),
(868, 12, '2012-05-26', 6.84, '<b>Мирпит 1</b>: Янтарь: 1; Изумруд: 1; Людей: 19<br><b>Мирпит 2</b>: Рубин: 1; Сапфир: 1; Изумруд: 1; Людей: 18<br>'),
(869, 25, '2012-05-26', 6.84, '<b>Мирпит 1</b>: Янтарь: 1; Изумруд: 1; Людей: 19<br><b>Мирпит 2</b>: Рубин: 1; Сапфир: 1; Изумруд: 1; Людей: 18<br>'),
(870, 26, '2012-05-26', 6.84, '<b>Мирпит 1</b>: Янтарь: 1; Изумруд: 1; Людей: 19<br><b>Мирпит 2</b>: Рубин: 1; Сапфир: 1; Изумруд: 1; Людей: 18<br>'),
(871, 39, '2012-05-26', 6.84, '<b>Мирпит 1</b>: Янтарь: 1; Изумруд: 1; Людей: 19<br><b>Мирпит 2</b>: Рубин: 1; Сапфир: 1; Изумруд: 1; Людей: 18<br>'),
(872, 43, '2012-05-26', 6.84, '<b>Мирпит 1</b>: Янтарь: 1; Изумруд: 1; Людей: 19<br><b>Мирпит 2</b>: Рубин: 1; Сапфир: 1; Изумруд: 1; Людей: 18<br>'),
(873, 44, '2012-05-26', 6.84, '<b>Мирпит 1</b>: Янтарь: 1; Изумруд: 1; Людей: 19<br><b>Мирпит 2</b>: Рубин: 1; Сапфир: 1; Изумруд: 1; Людей: 18<br>'),
(874, 45, '2012-05-26', 6.84, '<b>Мирпит 1</b>: Янтарь: 1; Изумруд: 1; Людей: 19<br><b>Мирпит 2</b>: Рубин: 1; Сапфир: 1; Изумруд: 1; Людей: 18<br>'),
(875, 49, '2012-05-26', 6.84, '<b>Мирпит 1</b>: Янтарь: 1; Изумруд: 1; Людей: 19<br><b>Мирпит 2</b>: Рубин: 1; Сапфир: 1; Изумруд: 1; Людей: 18<br>'),
(876, 50, '2012-05-26', 6.84, '<b>Мирпит 1</b>: Янтарь: 1; Изумруд: 1; Людей: 19<br><b>Мирпит 2</b>: Рубин: 1; Сапфир: 1; Изумруд: 1; Людей: 18<br>'),
(877, 52, '2012-05-26', 6.84, '<b>Мирпит 1</b>: Янтарь: 1; Изумруд: 1; Людей: 19<br><b>Мирпит 2</b>: Рубин: 1; Сапфир: 1; Изумруд: 1; Людей: 18<br>'),
(878, 54, '2012-05-26', 6.84, '<b>Мирпит 1</b>: Янтарь: 1; Изумруд: 1; Людей: 19<br><b>Мирпит 2</b>: Рубин: 1; Сапфир: 1; Изумруд: 1; Людей: 18<br>'),
(879, 72, '2012-05-26', 6.84, '<b>Мирпит 1</b>: Янтарь: 1; Изумруд: 1; Людей: 19<br><b>Мирпит 2</b>: Рубин: 1; Сапфир: 1; Изумруд: 1; Людей: 18<br>'),
(880, 79, '2012-05-26', 6.84, '<b>Мирпит 1</b>: Янтарь: 1; Изумруд: 1; Людей: 19<br><b>Мирпит 2</b>: Рубин: 1; Сапфир: 1; Изумруд: 1; Людей: 18<br>'),
(881, 80, '2012-05-26', 6.84, '<b>Мирпит 1</b>: Янтарь: 1; Изумруд: 1; Людей: 19<br><b>Мирпит 2</b>: Рубин: 1; Сапфир: 1; Изумруд: 1; Людей: 18<br>'),
(882, 94, '2012-05-26', 6.84, '<b>Мирпит 1</b>: Янтарь: 1; Изумруд: 1; Людей: 19<br><b>Мирпит 2</b>: Рубин: 1; Сапфир: 1; Изумруд: 1; Людей: 18<br>'),
(883, 99, '2012-05-26', 2.95, '<b>Мирпит 1</b>: Янтарь: 1; Изумруд: 1; Людей: 19<br>'),
(884, 102, '2012-05-26', 6.84, '<b>Мирпит 1</b>: Янтарь: 1; Изумруд: 1; Людей: 19<br><b>Мирпит 2</b>: Рубин: 1; Сапфир: 1; Изумруд: 1; Людей: 18<br>'),
(885, 110, '2012-05-26', 6.84, '<b>Мирпит 1</b>: Янтарь: 1; Изумруд: 1; Людей: 19<br><b>Мирпит 2</b>: Рубин: 1; Сапфир: 1; Изумруд: 1; Людей: 18<br>'),
(886, 118, '2012-05-26', 6.84, '<b>Мирпит 1</b>: Янтарь: 1; Изумруд: 1; Людей: 19<br><b>Мирпит 2</b>: Рубин: 1; Сапфир: 1; Изумруд: 1; Людей: 18<br>'),
(887, 27, '2012-05-26', 0, 'за отсутствие'),
(888, 29, '2012-05-26', 0, 'за отсутствие'),
(889, 38, '2012-05-26', 0, 'за отсутствие'),
(890, 76, '2012-05-26', 0, 'за отсутствие'),
(891, 104, '2012-05-26', 0, 'за отсутствие'),
(892, 106, '2012-05-26', 0, 'за отсутствие'),
(893, 112, '2012-05-26', 0, 'за отсутствие'),
(894, 108, '2012-05-26', 0, 'за отсутствие'),
(895, 12, '2012-05-30', 21.45, '<b>Мирпит 1</b>: Янтарь: 2; Сапфир: 2; Людей: 12<br><b>Мирпит 2</b>: Книга: 2; Янтарь: 1; Сапфир: 1; Людей: 13<br>'),
(896, 19, '2012-05-30', 21.45, '<b>Мирпит 1</b>: Янтарь: 2; Сапфир: 2; Людей: 12<br><b>Мирпит 2</b>: Книга: 2; Янтарь: 1; Сапфир: 1; Людей: 13<br>'),
(897, 26, '2012-05-30', 21.45, '<b>Мирпит 1</b>: Янтарь: 2; Сапфир: 2; Людей: 12<br><b>Мирпит 2</b>: Книга: 2; Янтарь: 1; Сапфир: 1; Людей: 13<br>'),
(898, 39, '2012-05-30', 21.45, '<b>Мирпит 1</b>: Янтарь: 2; Сапфир: 2; Людей: 12<br><b>Мирпит 2</b>: Книга: 2; Янтарь: 1; Сапфир: 1; Людей: 13<br>'),
(899, 40, '2012-05-30', 12.83, '<b>Мирпит 1</b>: Янтарь: 2; Сапфир: 2; Людей: 12<br>'),
(900, 43, '2012-05-30', 21.45, '<b>Мирпит 1</b>: Янтарь: 2; Сапфир: 2; Людей: 12<br><b>Мирпит 2</b>: Книга: 2; Янтарь: 1; Сапфир: 1; Людей: 13<br>'),
(901, 50, '2012-05-30', 21.45, '<b>Мирпит 1</b>: Янтарь: 2; Сапфир: 2; Людей: 12<br><b>Мирпит 2</b>: Книга: 2; Янтарь: 1; Сапфир: 1; Людей: 13<br>'),
(902, 52, '2012-05-30', 21.45, '<b>Мирпит 1</b>: Янтарь: 2; Сапфир: 2; Людей: 12<br><b>Мирпит 2</b>: Книга: 2; Янтарь: 1; Сапфир: 1; Людей: 13<br>'),
(903, 54, '2012-05-30', 12.83, '<b>Мирпит 1</b>: Янтарь: 2; Сапфир: 2; Людей: 12<br>'),
(904, 60, '2012-05-30', 21.45, '<b>Мирпит 1</b>: Янтарь: 2; Сапфир: 2; Людей: 12<br><b>Мирпит 2</b>: Книга: 2; Янтарь: 1; Сапфир: 1; Людей: 13<br>'),
(905, 78, '2012-05-30', 21.45, '<b>Мирпит 1</b>: Янтарь: 2; Сапфир: 2; Людей: 12<br><b>Мирпит 2</b>: Книга: 2; Янтарь: 1; Сапфир: 1; Людей: 13<br>'),
(906, 110, '2012-05-30', 21.45, '<b>Мирпит 1</b>: Янтарь: 2; Сапфир: 2; Людей: 12<br><b>Мирпит 2</b>: Книга: 2; Янтарь: 1; Сапфир: 1; Людей: 13<br>'),
(907, 49, '2012-05-30', 8.62, '<b>Мирпит 2</b>: Книга: 2; Янтарь: 1; Сапфир: 1; Людей: 13<br>'),
(908, 80, '2012-05-30', 8.62, '<b>Мирпит 2</b>: Книга: 2; Янтарь: 1; Сапфир: 1; Людей: 13<br>'),
(909, 118, '2012-05-30', 8.62, '<b>Мирпит 2</b>: Книга: 2; Янтарь: 1; Сапфир: 1; Людей: 13<br>'),
(910, 6, '2012-05-30', 0, 'за отсутствие'),
(911, 27, '2012-05-30', 0, 'за отсутствие'),
(913, 112, '2012-05-30', 0, 'за отсутствие');

-- --------------------------------------------------------

--
-- Структура таблицы `nja_mirpit_profit`
--

CREATE TABLE IF NOT EXISTS `nja_mirpit_profit` (
  `date` date NOT NULL,
  `loot` text NOT NULL,
  `cost` text NOT NULL,
  `online` text NOT NULL,
  `users` text NOT NULL,
  PRIMARY KEY (`date`)
) ENGINE=MyISAM DEFAULT CHARSET=utf8;

--
-- Дамп данных таблицы `nja_mirpit_profit`
--

INSERT INTO `nja_mirpit_profit` (`date`, `loot`, `cost`, `online`, `users`) VALUES
('2012-04-02', '1,0,0,0,0,0,0;0,0,1,0,0,0,0;0,0,0,0,0,0,0;0,0,0,0,0,0,0;0,0,0,0,0,0,0', '80,60,30,10,0,0,25,30,0.5,0', '3,19,24,32,39,40,45,48,49,52,55,63,65,67,72,80,96,102,104,106,107', '3,19,24,32,39,40,45,48,49,52,55,63,65,67,72,80,102,104,106,107;3,19,24,32,39,40,45,48,49,52,55,63,65,67,72,80,96,102,104,106,107;;;'),
('2012-04-03', '1,0,1,0,0,0,0;0,0,0,1,0,0,1;0,0,0,0,0,0,0;0,0,0,0,0,0,0;0,0,0,0,0,0,0', '80,60,30,10,0,0,25,30,0.5,0', '5,12,13,19,25,29,32,33,39,43,44,45,48,49,53,54,55,63,67,71,72,80,88,101,104,106,107', '5,13,19,25,32,39,43,44,45,48,49,53,54,55,63,67,72,80,88,104,106,107;5,13,19,25,32,39,43,44,45,48,49,53,54,55,63,67,72,80,88,104,106,107;;;'),
('2012-04-04', '0,0,0,0,0,0,0;0,0,0,0,0,0,0;0,0,0,0,0,0,0;0,0,0,0,0,0,0;0,0,0,0,0,0,0', '80,60,30,10,0,0,25,30,0.5,0', '3,27,28,30,39,44,47,48,50,52,53,54,55,59,67,72,80,88,101,104,107', '3,39,44,48,50,52,54,55,59,67,72,80,104;3,28,39,44,48,50,52,54,55,59,67,72,80,104;;;'),
('2012-04-06', '0,0,1,0,0,0,1;1,1,0,0,0,0,1;0,0,0,0,0,0,0;0,0,0,0,0,0,0;0,0,0,0,0,0,0', '80,60,30,10,0,0,25,30,0.5,0', '1,19,22,24,25,38,39,47,48,49,51,52,59,62,67,72,73,78,80,94,101,102,106,108,107', '1,19,24,25,38,39,48,49,51,52,59,62,67,72,80,94,101,102,106,108,107;19,22,24,25,38,39,48,49,51,52,59,62,67,72,80,101,102,106,108,107;;;'),
('2012-04-07', '0,0,1,1,0,0,0;0,0,0,1,0,0,0;0,0,0,0,0,0,0;0,0,0,0,0,0,0;0,0,0,0,0,0,0', '80,60,30,10,0,0,25,30,0.5,0', '5,11,19,24,29,34,43,44,48,52,53,55,59,61,62,64,73,74,80,85,102,104,108', '5,11,19,24,29,34,44,48,52,55,59,61,62,80,102,104,108;61,66,80,102,104,108;;;'),
('2012-04-10', '0,0,0,0,1,0,0;0,0,0,0,0,0,3;0,0,0,0,0,0,0;0,0,0,0,0,0,0;0,0,0,0,0,0,0', '80,60,30,10,0,0,25,30,0.5,0', '19,39,40,43,44,49,55,66,70,72,73,80', '19,39,43,44,49,55,70,72,80;19,39,40,43,44,49,55,66,72,73,80;;;'),
('2012-04-12', '0,0,0,0,0,0,0;0,0,1,1,0,0,0;0,0,0,0,0,0,0;0,0,0,0,0,0,0;0,0,0,0,0,0,0', '80,60,30,10,0,0,25,30,0.5,0', '16,19,27,28,29,33,44,49,52,59,65,72,76,80,107', '16,19,27,28,29,33,44,52,59,72,76,80;16,19,27,28,33,44,49,52,59,72,76,80;;;'),
('2012-04-13', '1,0,0,1,0,0,0;0,0,0,1,0,0,0;0,0,0,0,0,0,0;0,0,0,0,0,0,0;0,0,0,0,0,0,0', '80,60,30,10,0,0,25,30,0.5,0', '19,25,28,29,40,44,49,51,52,72,79,80,101,106,108,107', '19,25,29,40,44,49,52,72,79,80,106,108,107;19,24,25,29,40,44,49,52,72,79,80,106,108,107;;;'),
('2012-04-11', '0,1,2,0,0,0,0;1,0,0,0,0,0,0;0,0,0,0,0,0,0;0,0,0,0,0,0,0;0,0,0,0,0,0,0', '80,60,30,10,0,0,25,30,0.5,0', '19,25,29,33,43,48,49,50,52,59,72,76,80', '19,25,29,33,43,48,49,50,52,59,72,76,80;19,25,27,29,33,43,44,48,49,50,52,59,72,76,80;;;'),
('2012-04-14', '0,0,1,0,1,0,0;1,0,0,0,0,0,0;0,0,0,0,0,0,0;0,0,0,0,0,0,0;0,0,0,0,0,0,0', '80,70,30,10,0,0,25,30,0.5,0', '5,11,24,29,40,43,45,48,49,50,52,65,72,80,92,102,108', '11,24,29,45,48,49,50,52,80,102,108;11,24,29,45,48,49,50,52,80,92,102,108;;;'),
('2012-04-15', '0,0,0,0,0,0,0;0,1,0,0,0,0,1;0,0,0,0,0,0,0;0,0,0,0,0,0,0;0,0,0,0,0,0,0', '80,70,30,10,0,0,25,30,0.5,0', '5,10,19,22,25,29,34,44,49,51,52,53,65,72,74,78,79,80,86,104,108', '5,10,19,22,25,29,34,44,49,52,72,78,79,80,104,108;5,10,19,22,25,29,34,44,49,52,72,78,79,80,104,108;;;'),
('2012-04-16', '0,0,0,0,0,0,1;0,0,1,1,0,0,1;0,0,0,0,0,0,0;0,0,0,0,0,0,0;0,0,0,0,0,0,0', '80,70,30,10,0,0,25,30,0.5,0', '3,19,24,26,29,38,43,44,48,51,52,109,59,65,73,80,99,102,104', '19,24,26,38,44,48,51,52,59,80,99,102,104;3,19,24,26,38,44,48,51,52,59,73,80,99,102,104;;;'),
('2012-04-17', '0,2,0,0,0,0,0;1,0,0,0,0,0,0;0,0,0,0,0,0,0;0,0,0,0,0,0,0;0,0,0,0,0,0,0', '80,70,30,10,0,0,25,30,0.5,0', '5,10,17,19,26,31,33,35,37,39,48,52,109,65,70,72,74,78,80,99,101', '5,17,19,26,33,37,39,48,52,109,72,78,80,99,101;5,17,19,26,33,37,39,48,52,109,72,78,80,99,101;;;'),
('2012-04-18', '0,0,0,0,1,0,0;1,0,0,0,0,0,0;0,0,0,0,0,0,0;0,0,0,0,0,0,0;0,0,0,0,0,0,0', '80,70,30,10,0,0,25,30,0.5,0', '3,10,19,24,26,27,43,45,47,48,51,52,66,72,73,78,80,86,91,99,101', '3,10,19,26,43,48,52,66,72,73,78,80,86;3,10,19,24,26,43,48,52,66,72,73,78,80,86,91,99;;;'),
('2012-04-19', '0,0,0,0,0,0,1;0,0,0,0,0,0,1;0,0,0,0,0,0,0;0,0,0,0,0,0,0;0,0,0,0,0,0,0', '80,70,30,10,0,0,25,30,0.5,0', '19,24,27,29,38,43,47,52,65,66,72,78,80,85,95,99,102', '19,24,27,29,38,43,52,66,72,78,99,102;43,52,65,66;;;'),
('2012-04-20', '0,3,0,0,0,0,1;1,0,0,0,0,0,0;0,0,0,0,0,0,0;0,0,0,0,0,0,0;0,0,0,0,0,0,0', '80,70,30,10,0,0,25,30,0.5,0', '3,19,22,27,37,38,40,43,45,47,48,52,56,109,59,72,73,79,80,86,97,99,101,110,108', '3,19,27,38,40,43,45,48,52,56,59,72,73,79,80,86,97,99,101,110,108;3,19,27,38,40,43,45,48,52,56,59,72,73,79,80,86,97,99,101,110,108;;;'),
('2012-05-06', '0,1,0,0,0,0,0;0,0,0,0,0,0,0;0,0,0,0,0,0,0;0,0,0,0,0,0,0;0,0,0,0,0,0,0', '80,70,30,10,0,0,25,30,0.5,0', '5,25,29,33,37,38,40,45,49,50,59,79,80,113,102,104,110,115', '5,25,37,38,40,45,49,50,59,79,113,104,110,115;5,25,37,38,40,45,49,50,59,79,104,110,115;;;'),
('2012-04-24', '2,1,0,0,2,0,1;0,0,0,0,0,0,0;0,0,0,0,0,0,0;0,0,0,0,0,0,0;0,0,0,0,0,0,0', '80,70,30,10,0,0,25,30,0.5,0', '5,12,33,37,43,50,66,94,111', '12,33,37,43,50,66;5,12,33,37,43,50,66,94;;;'),
('2012-04-21', '0,0,0,0,1,0,2;0,0,1,1,0,0,0;0,0,0,0,0,0,0;0,0,0,0,0,0,0;0,0,0,0,0,0,0', '80,70,30,10,0,0,25,30,0.5,0', '5,13,17,19,25,26,28,38,40,45,49,62,72,74,79,80,86,90,91,96,104,110,108', '5,13,25,26,38,40,45,49,62,72,74,79,90,104,110,108;5,19,25,26,38,40,45,49,62,72,74,79,80,86,90,91,104,110,108;;;'),
('2012-04-28', '1,0,0,0,1,0,2;2,0,0,1,1,0,1;0,0,0,0,0,0,0;0,0,0,0,0,0,0;0,0,0,0,0,0,0', '80,70,30,10,0,0,25,30,0.5,0', '26,28,29,40,43,44,50,66,69,78,113,104,112,111,108', '26,40,43,44,66,69,78,104,108;26,40,43,44,66,69,78,104,108;;;'),
('2012-04-09', '0,0,1,0,0,0,3;0,0,0,0,0,0,2;0,0,0,0,0,0,0;0,0,0,0,0,0,0;0,0,0,0,0,0,0', '80,70,30,10,0,0,25,30,0.5,0', '16,24,27,29,33,43,44,49,59,63,66,70,72,74,80,85,86,88,102,108', '16,24,27,29,33,43,44,49,59,63,66,70,72,74,80,85,86,88,102,108;16,24,27,29,33,43,44,49,59,63,66,70,72,74,80,85,86,88,102,108;;;'),
('2012-05-02', '1,0,0,0,0,0,2;0,0,1,0,0,0,1;0,0,0,0,0,0,0;0,0,0,0,0,0,0;0,0,0,0,0,0,0', '80,70,30,10,0,0,25,30,0.5,0', '5,6,12,16,17,20,26,28,29,31,33,114,37,43,47,50,52,55,56,59,60,66,72,78,101,112,115', '5,6,16,17,20,26,114,37,43,55,56,60,66,72,78,112;5,6,12,16,17,20,26,114,37,43,55,56,60,66,72,78,112,115;;;'),
('2012-05-10', '0,0,0,2,2,0,1;0,0,2,0,1,0,1;0,0,0,0,0,0,0;0,0,0,0,0,0,0;0,0,0,0,0,0,0', '80,70,30,10,0,0,25,30,0.5,0', '29,33,38,49,50,54,80,104,118,115', '29,33,49,54,80,104,118,115;29,33,49,50,54,80,104,118,115;;;'),
('2012-05-14', '0,1,2,0,0,0,0;2,0,1,0,0,0,0;0,0,0,0,0,0,0;0,0,0,0,0,0,0;0,0,0,0,0,0,0', '80,70,30,10,0,0,25,30,0.5,0', '5,19,27,33,39,43,44,49,50,51,52,68,70,85,117,94,104', '5,19,27,33,39,43,49,51,52,94,104;5,19,27,33,39,43,49,51,52,94,104;;;'),
('2012-05-18', '1,3,1,2,0,0,0;0,0,0,0,0,0,0;0,0,0,0,0,0,0;0,0,0,0,0,0,0;0,0,0,0,0,0,0', '80,70,30,10,0,0,25,30,0.5,0', '19,21,39,43,45,49,50,51,52,78,79,104,116', '19,21,39,43,45,49,50,51,52,78,79,104,116;;;;'),
('2012-05-22', '1,0,2,0,1,0,2;0,0,0,0,0,0,0;0,0,0,0,0,0,0;0,0,0,0,0,0,0;0,0,0,0,0,0,0', '80,70,30,10,0,0,25,30,0.5,0', '12,43,52,68,112', '12,43,52,68,112;;;;'),
('2012-05-26', '1,0,0,0,1,0,0;0,1,1,0,1,0,0;0,0,0,0,0,0,0;0,0,0,0,0,0,0;0,0,0,0,0,0,0', '80,70,30,10,0,0,25,30,0.5,0', '12,25,26,27,29,38,39,43,44,45,49,50,52,54,72,76,79,80,94,99,102,104,106,112,110,108,118', '12,25,26,39,43,44,45,49,50,52,54,72,79,80,94,99,102,110,118;12,25,26,39,43,44,45,49,50,52,54,72,79,80,94,102,110,118;;;'),
('2012-05-30', '2,0,2,0,0,0,0;1,0,1,0,0,0,2;0,0,0,0,0,0,0;0,0,0,0,0,0,0;0,0,0,0,0,0,0', '80,70,30,10,0,0,25,30,0.5,0', '6,12,19,26,27,39,40,43,49,50,52,54,60,78,96,112,110,118', '12,19,26,39,40,43,50,52,54,60,78,110;12,19,26,39,43,49,50,52,60,78,80,110,118;;;');

-- --------------------------------------------------------

--
-- Структура таблицы `nja_nalog`
--

CREATE TABLE IF NOT EXISTS `nja_nalog` (
  `id` int(11) NOT NULL AUTO_INCREMENT,
  `uid` int(11) NOT NULL,
  `date` date NOT NULL,
  `ball` float DEFAULT NULL,
  `text` text,
  PRIMARY KEY (`id`),
  KEY `uid` (`uid`)
) ENGINE=MyISAM  DEFAULT CHARSET=utf8 AUTO_INCREMENT=95 ;

--
-- Дамп данных таблицы `nja_nalog`
--

INSERT INTO `nja_nalog` (`id`, `uid`, `date`, `ball`, `text`) VALUES
(1, 1, '0000-00-00', 0, 'undefined'),
(3, 5, '0000-00-00', 0, 'undefined'),
(4, 6, '0000-00-00', 0, 'undefined'),
(5, 7, '0000-00-00', 0, 'undefined'),
(6, 9, '0000-00-00', 0, 'undefined'),
(9, 12, '0000-00-00', 0, 'undefined'),
(10, 13, '0000-00-00', 0, 'undefined'),
(12, 16, '0000-00-00', 0, 'undefined'),
(14, 18, '0000-00-00', 0, 'undefined'),
(15, 19, '0000-00-00', 0, 'undefined'),
(16, 20, '0000-00-00', 0, 'undefined'),
(17, 21, '0000-00-00', 0, 'undefined'),
(19, 23, '0000-00-00', 0, 'undefined'),
(20, 24, '0000-00-00', 0, 'undefined'),
(21, 25, '0000-00-00', 0, 'undefined'),
(22, 26, '0000-00-00', 0, 'undefined'),
(23, 27, '0000-00-00', 0, 'undefined'),
(24, 28, '0000-00-00', 0, 'undefined'),
(25, 29, '0000-00-00', 0, 'undefined'),
(26, 30, '0000-00-00', 0, 'undefined'),
(28, 33, '0000-00-00', 0, 'undefined'),
(32, 37, '0000-00-00', 0, 'undefined'),
(33, 38, '0000-00-00', 0, 'undefined'),
(34, 39, '0000-00-00', 0, 'undefined'),
(35, 40, '0000-00-00', 0, 'undefined'),
(36, 41, '0000-00-00', 0, 'undefined'),
(38, 43, '0000-00-00', 0, 'undefined'),
(39, 44, '0000-00-00', 0, 'undefined'),
(40, 45, '0000-00-00', 0, 'undefined'),
(42, 48, '0000-00-00', 0, 'undefined'),
(43, 49, '0000-00-00', 0, 'undefined'),
(44, 50, '0000-00-00', 0, 'undefined'),
(45, 51, '0000-00-00', 0, 'undefined'),
(46, 52, '0000-00-00', 0, 'undefined'),
(48, 54, '0000-00-00', 0, 'undefined'),
(50, 56, '0000-00-00', 0, 'undefined'),
(53, 59, '0000-00-00', 0, 'undefined'),
(54, 60, '0000-00-00', 0, 'undefined'),
(56, 62, '0000-00-00', 0, 'undefined'),
(58, 64, '0000-00-00', 0, 'undefined'),
(60, 66, '0000-00-00', 0, 'undefined'),
(61, 67, '0000-00-00', 0, 'undefined'),
(62, 68, '0000-00-00', 0, 'undefined'),
(64, 70, '0000-00-00', 0, 'undefined'),
(65, 72, '0000-00-00', 0, 'undefined'),
(67, 74, '0000-00-00', 0, 'undefined'),
(69, 76, '0000-00-00', 0, 'undefined'),
(71, 78, '0000-00-00', 0, 'undefined'),
(72, 79, '0000-00-00', 0, 'undefined'),
(73, 80, '0000-00-00', 0, 'undefined'),
(75, 85, '0000-00-00', 0, 'undefined'),
(79, 91, '0000-00-00', 0, 'undefined'),
(80, 92, '0000-00-00', 0, 'undefined'),
(82, 94, '0000-00-00', 0, 'undefined'),
(83, 95, '0000-00-00', 0, 'undefined'),
(86, 99, '0000-00-00', 0, 'undefined'),
(88, 102, '0000-00-00', 0, 'undefined'),
(90, 104, '0000-00-00', 0, 'undefined'),
(91, 106, '0000-00-00', 0, 'undefined'),
(92, 110, '0000-00-00', 0, 'undefined'),
(93, 108, '0000-00-00', 0, 'undefined');

-- --------------------------------------------------------

--
-- Структура таблицы `nja_oficer`
--

CREATE TABLE IF NOT EXISTS `nja_oficer` (
  `id` int(11) NOT NULL AUTO_INCREMENT,
  `uid` int(11) NOT NULL,
  `date` date NOT NULL,
  `ball` float DEFAULT NULL,
  `text` text,
  PRIMARY KEY (`id`),
  KEY `uid` (`uid`)
) ENGINE=MyISAM  DEFAULT CHARSET=utf8 AUTO_INCREMENT=87 ;

--
-- Дамп данных таблицы `nja_oficer`
--

INSERT INTO `nja_oficer` (`id`, `uid`, `date`, `ball`, `text`) VALUES
(2, 20, '2012-04-01', 15, ''),
(3, 40, '2012-04-01', 25, ''),
(4, 43, '2012-04-01', 25, ''),
(5, 60, '2012-04-01', 10, ''),
(6, 62, '2012-04-01', 10, ''),
(7, 76, '2012-04-01', 10, ''),
(8, 92, '2012-04-01', 15, ''),
(9, 104, '2012-04-01', 10, ''),
(10, 20, '2012-04-08', 15, ''),
(11, 40, '2012-04-08', 15, ''),
(12, 43, '2012-04-08', 25, ''),
(13, 60, '2012-04-08', 10, ''),
(14, 62, '2012-04-08', 10, ''),
(15, 76, '2012-04-08', 10, ''),
(16, 92, '2012-04-08', 15, ''),
(17, 104, '2012-04-08', 10, ''),
(18, 20, '2012-04-14', 15, ''),
(19, 40, '2012-04-14', 15, ''),
(20, 43, '2012-04-14', 25, ''),
(21, 60, '2012-04-14', 10, ''),
(22, 62, '2012-04-14', 10, ''),
(23, 76, '2012-04-14', 10, ''),
(24, 92, '2012-04-14', 15, ''),
(25, 104, '2012-04-14', 10, ''),
(26, 20, '2012-04-22', 10, ''),
(27, 40, '2012-04-22', 20, ''),
(28, 43, '2012-04-22', 25, ''),
(29, 52, '2012-04-22', 10, ''),
(30, 60, '2012-04-22', 10, ''),
(31, 62, '2012-04-22', 10, ''),
(32, 76, '2012-04-22', 10, ''),
(33, 92, '2012-04-22', 10, ''),
(34, 104, '2012-04-22', 10, ''),
(35, 20, '2012-04-29', 10, ''),
(36, 40, '2012-04-29', 25, ''),
(37, 43, '2012-04-29', 25, ''),
(38, 60, '2012-04-29', 10, ''),
(39, 62, '2012-04-29', 10, ''),
(40, 76, '2012-04-29', 10, ''),
(41, 92, '2012-04-29', 10, ''),
(42, 104, '2012-04-29', 10, ''),
(43, 20, '2012-05-06', 10, ''),
(44, 40, '2012-05-06', 25, ''),
(45, 43, '2012-05-06', 25, ''),
(46, 60, '2012-05-06', 10, ''),
(47, 62, '2012-05-06', 10, ''),
(48, 76, '2012-05-06', 5, ''),
(49, 92, '2012-05-06', 15, ''),
(86, 104, '2012-05-27', 10, ''),
(51, 20, '2012-05-13', 10, ''),
(52, 40, '2012-05-13', 25, ''),
(53, 43, '2012-05-13', 15, ''),
(54, 92, '2012-05-13', 15, ''),
(66, 49, '2012-05-20', 10, ''),
(65, 43, '2012-05-20', 15, ''),
(64, 40, '2012-05-20', 15, ''),
(63, 20, '2012-05-20', 10, ''),
(85, 92, '2012-05-27', 10, ''),
(67, 92, '2012-05-20', 15, ''),
(68, 104, '2012-05-20', 10, ''),
(84, 52, '2012-05-27', 10, ''),
(83, 43, '2012-05-27', 10, ''),
(82, 40, '2012-05-27', 10, ''),
(81, 20, '2012-05-27', 10, ''),
(75, 20, '2012-06-03', 10, ''),
(76, 40, '2012-06-03', 20, ''),
(77, 43, '2012-06-03', 25, ''),
(78, 52, '2012-06-03', 10, ''),
(79, 92, '2012-06-03', 10, ''),
(80, 104, '2012-06-03', 10, '');

-- --------------------------------------------------------

--
-- Структура таблицы `nja_pvp`
--

CREATE TABLE IF NOT EXISTS `nja_pvp` (
  `id` int(11) NOT NULL AUTO_INCREMENT,
  `uid` int(11) NOT NULL,
  `date` date NOT NULL,
  `ball` float DEFAULT NULL,
  `text` text,
  PRIMARY KEY (`id`),
  KEY `uid` (`uid`)
) ENGINE=MyISAM  DEFAULT CHARSET=utf8 AUTO_INCREMENT=76 ;

--
-- Дамп данных таблицы `nja_pvp`
--

INSERT INTO `nja_pvp` (`id`, `uid`, `date`, `ball`, `text`) VALUES
(68, 72, '2012-05-16', 5, ''),
(2, 43, '2012-03-26', 5, ''),
(3, 49, '2012-03-26', 3, ''),
(67, 52, '2012-05-16', 5, ''),
(5, 33, '2012-03-27', 5, ''),
(6, 43, '2012-03-27', 5, ''),
(7, 59, '2012-03-27', 8, ''),
(8, 80, '2012-03-27', 5, ''),
(9, 99, '2012-03-27', 17, ''),
(27, 59, '2012-03-30', 3, ''),
(11, 1, '2012-03-31', 5, ''),
(71, 25, '2012-05-31', 2, ''),
(66, 50, '2012-05-16', 10, ''),
(14, 43, '2012-03-31', 5, ''),
(15, 49, '2012-03-31', 5, ''),
(16, 59, '2012-03-31', 5, ''),
(17, 80, '2012-03-31', 5, ''),
(18, 102, '2012-03-31', 5, ''),
(19, 43, '2012-04-01', 5, ''),
(20, 49, '2012-04-01', 10, ''),
(21, 80, '2012-04-01', 17, ''),
(70, 110, '2012-05-16', 4, ''),
(35, 59, '2012-04-11', 7, ''),
(26, 49, '2012-03-30', 1, ''),
(28, 40, '2012-04-02', 5, ''),
(29, 43, '2012-04-02', 5, ''),
(30, 59, '2012-04-02', 5, ''),
(31, 59, '2012-04-03', 1, ''),
(69, 94, '2012-05-16', 70, ''),
(33, 44, '2012-04-09', 5, ''),
(34, 59, '2012-04-09', 5, ''),
(36, 59, '2012-04-12', 9, ''),
(58, 43, '2012-04-08', 15, ''),
(61, 59, '2012-04-15', 23, ''),
(52, 59, '2012-04-14', 6, ''),
(51, 51, '2012-04-14', 4, ''),
(60, 43, '2012-04-15', 18, ''),
(43, 59, '2012-04-16', 3, ''),
(44, 59, '2012-04-18', 11, ''),
(45, 91, '2012-04-18', 3, ''),
(46, 59, '2012-04-19', 3, ''),
(47, 59, '2012-04-21', 1, ''),
(48, 59, '2012-04-25', 6, ''),
(56, 59, '2012-04-27', 15, ''),
(55, 51, '2012-04-27', 4, ''),
(53, 80, '2012-04-14', 10, ''),
(65, 49, '2012-05-16', 42, ''),
(57, 80, '2012-04-27', 9, ''),
(59, 80, '2012-04-08', 14, ''),
(62, 91, '2012-04-15', 3, ''),
(63, 43, '2012-04-22', 25, ''),
(64, 43, '2012-04-29', 15, ''),
(72, 59, '2012-05-31', 65, ''),
(73, 80, '2012-05-31', 35, ''),
(74, 110, '2012-05-31', 2, ''),
(75, 43, '2012-06-01', 25, '');

-- --------------------------------------------------------

--
-- Структура таблицы `nja_remeslo`
--

CREATE TABLE IF NOT EXISTS `nja_remeslo` (
  `id` int(11) NOT NULL AUTO_INCREMENT,
  `uid` int(11) NOT NULL,
  `date` date NOT NULL,
  `ball` float DEFAULT NULL,
  `text` text,
  PRIMARY KEY (`id`),
  KEY `uid` (`uid`)
) ENGINE=MyISAM  DEFAULT CHARSET=utf8 AUTO_INCREMENT=182 ;

--
-- Дамп данных таблицы `nja_remeslo`
--

INSERT INTO `nja_remeslo` (`id`, `uid`, `date`, `ball`, `text`) VALUES
(177, 19, '2012-05-24', -5, 'За отсутствие'),
(45, 59, '2012-03-22', 1, 'За присутствие'),
(43, 49, '2012-03-22', 5, 'За присутствие'),
(42, 40, '2012-03-22', 5, 'За присутствие'),
(41, 38, '2012-03-22', 1, 'За присутствие'),
(40, 26, '2012-03-22', 1, 'За присутствие'),
(39, 19, '2012-03-22', 1, 'За присутствие'),
(38, 12, '2012-03-22', 1, 'За присутствие'),
(136, 43, '2012-04-26', 10, 'За присутствие'),
(36, 9, '2012-03-22', 1, 'За присутствие'),
(142, 26, '2012-05-03', 1, 'За присутствие'),
(46, 70, '2012-03-22', 5, 'За присутствие'),
(47, 72, '2012-03-22', 5, 'За присутствие'),
(48, 80, '2012-03-22', 1, 'За присутствие'),
(49, 85, '2012-03-22', 1, 'За присутствие'),
(50, 102, '2012-03-22', 1, 'За присутствие'),
(124, 27, '2012-04-19', 1, 'За присутствие'),
(52, 1, '2012-03-22', -5, 'За отсутствие'),
(54, 51, '2012-03-22', -5, 'За отсутствие'),
(158, 24, '2012-05-10', 15, 'За присутствие'),
(57, 99, '2012-03-22', -5, 'За отсутствие'),
(175, 112, '2012-05-24', 1, 'За присутствие'),
(59, 1, '2012-04-02', 1, 'За присутствие'),
(61, 12, '2012-04-02', 1, 'За присутствие'),
(62, 19, '2012-04-02', 1, 'За присутствие'),
(63, 24, '2012-04-02', 1, 'За присутствие'),
(64, 25, '2012-04-02', 1, 'За присутствие'),
(122, 19, '2012-04-19', 1, 'За присутствие'),
(66, 40, '2012-04-02', 1, 'За присутствие'),
(67, 43, '2012-04-02', 1, 'За присутствие'),
(68, 48, '2012-04-02', 1, 'За присутствие'),
(69, 49, '2012-04-02', 1, 'За присутствие'),
(137, 49, '2012-04-26', 5, 'За присутствие'),
(176, 110, '2012-05-24', 1, 'За присутствие'),
(133, 19, '2012-04-26', 5, 'За присутствие'),
(73, 72, '2012-04-02', 1, 'За присутствие'),
(74, 80, '2012-04-02', 1, 'За присутствие'),
(76, 45, '2012-04-02', -5, 'За отсутствие'),
(78, 51, '2012-04-02', -5, 'За отсутствие'),
(172, 37, '2012-05-24', 1, 'За присутствие'),
(80, 70, '2012-04-02', -5, 'За отсутствие'),
(117, 52, '2012-04-12', -5, 'За отсутствие'),
(116, 33, '2012-04-12', -5, 'За отсутствие'),
(115, 29, '2012-04-12', -5, 'За отсутствие'),
(114, 27, '2012-04-12', -5, 'За отсутствие'),
(181, 50, '2012-05-24', -5, 'За отсутствие'),
(112, 106, '2012-04-12', 1, 'За присутствие'),
(111, 80, '2012-04-12', 10, 'За присутствие'),
(110, 59, '2012-04-12', 1, 'За присутствие'),
(109, 48, '2012-04-12', 1, 'За присутствие'),
(108, 43, '2012-04-12', 10, 'За присутствие'),
(107, 19, '2012-04-12', 1, 'За присутствие'),
(106, 12, '2012-04-12', 1, 'За присутствие'),
(140, 19, '2012-05-03', 50, 'За присутствие'),
(141, 24, '2012-05-03', 50, 'За присутствие'),
(134, 37, '2012-04-26', 5, 'За присутствие'),
(135, 40, '2012-04-26', 5, 'За присутствие'),
(118, 72, '2012-04-12', -5, 'За отсутствие'),
(119, 76, '2012-04-12', -5, 'За отсутствие'),
(120, 99, '2012-04-12', -5, 'За отсутствие'),
(123, 24, '2012-04-19', 5, 'За присутствие'),
(125, 29, '2012-04-19', 1, 'За присутствие'),
(126, 43, '2012-04-19', 10, 'За присутствие'),
(127, 49, '2012-04-19', 5, 'За присутствие'),
(128, 72, '2012-04-19', 1, 'За присутствие'),
(129, 78, '2012-04-19', 1, 'За присутствие'),
(130, 80, '2012-04-19', 5, 'За присутствие'),
(131, 102, '2012-04-19', 1, 'За присутствие'),
(173, 45, '2012-05-24', 1, 'За присутствие'),
(138, 80, '2012-04-26', 5, 'За присутствие'),
(139, 110, '2012-04-26', 5, 'За присутствие'),
(143, 40, '2012-05-03', 10, 'За присутствие'),
(144, 45, '2012-05-03', 1, 'За присутствие'),
(145, 49, '2012-05-03', 5, 'За присутствие'),
(147, 59, '2012-05-03', 5, 'За присутствие'),
(148, 80, '2012-05-03', 5, 'За присутствие'),
(149, 112, '2012-05-03', 5, 'За присутствие'),
(179, 27, '2012-05-24', -5, 'За отсутствие'),
(151, 27, '2012-05-03', -5, 'За отсутствие'),
(152, 33, '2012-05-03', -5, 'За отсутствие'),
(153, 50, '2012-05-03', -5, 'За отсутствие'),
(154, 52, '2012-05-03', -5, 'За отсутствие'),
(180, 29, '2012-05-24', -5, 'За отсутствие'),
(174, 49, '2012-05-24', 1, 'За присутствие'),
(178, 26, '2012-05-24', -5, 'За отсутствие'),
(160, 19, '2012-05-17', 1, 'За присутствие'),
(161, 45, '2012-05-17', 1, 'За присутствие'),
(162, 49, '2012-05-17', 1, 'За присутствие'),
(163, 110, '2012-05-17', 1, 'За присутствие'),
(164, 25, '2012-05-17', -5, 'За отсутствие'),
(165, 26, '2012-05-17', -5, 'За отсутствие'),
(166, 27, '2012-05-17', -5, 'За отсутствие'),
(167, 29, '2012-05-17', -5, 'За отсутствие'),
(168, 50, '2012-05-17', -5, 'За отсутствие'),
(169, 51, '2012-05-17', -5, 'За отсутствие'),
(170, 68, '2012-05-17', -5, 'За отсутствие'),
(171, 112, '2012-05-17', -5, 'За отсутствие');

-- --------------------------------------------------------

--
-- Структура таблицы `nja_remeslo_profit`
--

CREATE TABLE IF NOT EXISTS `nja_remeslo_profit` (
  `date` date NOT NULL,
  `cost` text NOT NULL,
  `online` text NOT NULL,
  `users` text NOT NULL,
  PRIMARY KEY (`date`)
) ENGINE=MyISAM DEFAULT CHARSET=utf8;

--
-- Дамп данных таблицы `nja_remeslo_profit`
--

INSERT INTO `nja_remeslo_profit` (`date`, `cost`, `online`, `users`) VALUES
('2012-03-22', '100,30,1,-5', '1,3,9,11,12,19,22,26,38,40,49,51,55,59,70,72,80,85,90,93,99,101,102,105', '3,9,11,12,19,26,38,40,49,55,59,70,72,80,85,102,105'),
('2012-04-02', '100,30,1,-5', '1,3,12,19,24,25,32,40,43,45,47,48,49,51,53,55,63,65,70,72,80,101,105', '1,3,12,19,24,25,32,40,43,48,49,53,55,65,72,80,105'),
('2012-04-12', '100,30,1,-5', '3,11,12,19,27,29,33,43,48,52,59,72,76,80,99,105,106,107', '3,11,12,19,43,48,59,80,106,107'),
('2012-04-19', '100,30,1,-5', '19,24,27,29,43,47,49,72,78,80,102', '19,24,27,29,43,49,72,78,80,102'),
('2012-04-26', '100,30,1,-5', '19,37,40,43,49,80,110', '19,37,40,43,49,80,110'),
('2012-05-03', '100,30,1,-5', '17,19,24,26,27,33,40,45,49,50,52,55,109,59,61,80,101,112', '19,24,26,40,45,49,55,59,80,112'),
('2012-05-10', '100,30,1,-5', '24', '24'),
('2012-05-17', '100,30,1,-5', '17,19,25,26,27,29,45,49,50,51,68,112,110', '17,19,45,49,110'),
('2012-05-24', '100,30,1,-5', '19,26,27,29,37,45,49,50,112,110', '37,45,49,112,110');

-- --------------------------------------------------------

--
-- Структура таблицы `nja_security`
--

CREATE TABLE IF NOT EXISTS `nja_security` (
  `id` int(11) NOT NULL AUTO_INCREMENT,
  `ip` varchar(17) NOT NULL,
  `counts` tinyint(4) NOT NULL,
  `time` varchar(10) NOT NULL,
  PRIMARY KEY (`id`),
  UNIQUE KEY `ip` (`ip`)
) ENGINE=MyISAM  DEFAULT CHARSET=utf8 AUTO_INCREMENT=622 ;

--
-- Дамп данных таблицы `nja_security`
--

INSERT INTO `nja_security` (`id`, `ip`, `counts`, `time`) VALUES
(617, '81.200.251.8', 2, '1381931682'),
(2, '193.111.242.37', 1, '1334072030'),
(6, '193.111.241.38', 1, '1334253821'),
(7, '46.159.241.173', 1, '1334256852'),
(14, '193.111.241.2', 1, '1334330121'),
(484, '77.122.134.171', 1, '1338270637'),
(15, '188.187.129.251', 2, '1334332894'),
(531, '94.19.154.166', 1, '1338719985'),
(529, '109.167.192.210', 1, '1338669671'),
(302, '213.138.70.58', 1, '1336386048'),
(19, '46.191.75.8', 1, '1334350806'),
(20, '37.112.22.76', 1, '1334351897'),
(21, '178.125.206.64', 1, '1334359787'),
(22, '193.111.241.48', 1, '1334378838'),
(416, '77.220.130.155', 1, '1337199368'),
(25, '178.171.112.186', 1, '1334396402'),
(31, '193.111.241.111', 1, '1334422985'),
(28, '94.180.143.29', 1, '1334415950'),
(537, '10.0.12.244', 1, '1338726280'),
(33, '46.191.71.168', 1, '1334525664'),
(37, '10.234.4.167', 1, '1334582831'),
(36, '217.118.90.141', 1, '1334577318'),
(127, '83.149.3.96', 1, '1335154185'),
(41, '10.234.94.236', 1, '1334590809'),
(40, '213.87.140.125', 1, '1334588905'),
(45, '217.118.90.135', 1, '1334645515'),
(46, '10.167.139.54', 1, '1334672204'),
(47, '176.215.87.179', 3, '1334677721'),
(48, '46.233.201.69', 2, '1334679255'),
(125, '46.42.136.187', 1, '1335121775'),
(51, '178.125.51.212', 1, '1334682527'),
(67, '193.111.241.56', 1, '1334810885'),
(460, '89.252.48.176', 1, '1338018117'),
(56, '194.48.218.122', 3, '1334730372'),
(58, '2.95.107.2', 1, '1334736309'),
(61, '31.133.46.85', 1, '1334741605'),
(65, '188.187.172.45', 1, '1334773041'),
(68, '217.118.93.111', 1, '1334814504'),
(613, '193.111.241.175', 2, '1350744523'),
(427, '178.49.155.34', 1, '1337472600'),
(72, '31.133.47.64', 1, '1334855704'),
(73, '213.87.135.218', 1, '1334857183'),
(74, '92.255.212.231', 1, '1334857401'),
(75, '46.191.67.111', 1, '1334858360'),
(77, '94.28.166.242', 1, '1334859948'),
(78, '46.216.132.18', 1, '1334867284'),
(79, '95.72.237.222', 1, '1334888151'),
(81, '178.213.16.180', 1, '1334899264'),
(82, '217.118.93.124', 1, '1334899700'),
(83, '91.201.185.138', 1, '1334900017'),
(285, '195.161.149.92', 1, '1336378547'),
(85, '176.14.166.241', 1, '1334902942'),
(86, '128.75.205.51', 1, '1334907637'),
(87, '89.178.147.210', 1, '1334910392'),
(145, '85.235.194.203', 1, '1335337283'),
(98, '91.79.236.207', 1, '1334924159'),
(91, '178.234.126.143', 1, '1334915609'),
(93, '93.80.241.131', 2, '1334916923'),
(94, '128.71.14.123', 1, '1334918763'),
(97, '109.161.88.46', 1, '1334923940'),
(387, '109.105.91.70', 1, '1336905060'),
(105, '193.111.241.89', 1, '1334985524'),
(101, '83.149.3.214', 1, '1334942676'),
(102, '46.47.43.34', 1, '1334949360'),
(106, '193.111.241.74', 2, '1334989889'),
(107, '78.84.53.107', 3, '1335000619'),
(109, '46.191.79.70', 1, '1335008912'),
(110, '92.36.112.184', 3, '1335009531'),
(111, '46.146.217.157', 1, '1335012331'),
(112, '95.29.14.230', 2, '1335024779'),
(113, '94.180.180.5', 1, '1335025733'),
(114, '178.22.55.10', 1, '1335081491'),
(115, '2.93.29.154', 1, '1335083012'),
(116, '81.163.138.185', 1, '1335083660'),
(117, '95.30.123.233', 1, '1335084831'),
(118, '83.149.2.99', 1, '1335099651'),
(119, '37.112.1.227', 1, '1335102343'),
(433, '195.184.208.244', 2, '1337534040'),
(121, '193.111.241.200', 1, '1335108781'),
(123, '83.149.2.110', 1, '1335112618'),
(124, '109.165.101.160', 1, '1335115903'),
(134, '193.111.241.95', 1, '1335204605'),
(130, '176.214.96.46', 1, '1335172295'),
(131, '83.149.3.14', 1, '1335194243'),
(132, '188.187.178.240', 1, '1335202085'),
(136, '92.255.209.131', 1, '1335225739'),
(137, '46.42.155.51', 1, '1335235932'),
(139, '83.149.2.125', 1, '1335261779'),
(154, '193.111.241.20', 1, '1335368141'),
(141, '178.151.147.76', 1, '1335282383'),
(142, '95.26.213.211', 1, '1335295516'),
(143, '37.112.23.199', 1, '1335308933'),
(146, '217.118.93.113', 1, '1335338505'),
(147, '95.139.145.94', 1, '1335339422'),
(151, '95.30.123.176', 2, '1335362929'),
(152, '95.72.192.39', 1, '1335363382'),
(155, '94.180.224.95', 1, '1335378202'),
(156, '83.149.2.69', 1, '1335411550'),
(165, '37.112.3.139', 1, '1335457475'),
(163, '95.72.221.171', 1, '1335455418'),
(164, '95.29.41.60', 1, '1335457386'),
(166, '109.165.37.173', 3, '1335469200'),
(167, '2.95.116.125', 1, '1335475391'),
(168, '37.112.2.142', 1, '1335482275'),
(178, '37.112.21.62', 1, '1335542959'),
(173, '2.93.137.114', 1, '1335521686'),
(174, '95.139.153.223', 1, '1335524955'),
(175, '217.118.93.120', 1, '1335531678'),
(179, '10.230.141.123', 1, '1335547018'),
(198, '128.71.160.41', 1, '1335735899'),
(181, '89.110.3.166', 1, '1335555580'),
(186, '37.112.8.114', 1, '1335601227'),
(185, '95.139.185.119', 1, '1335599054'),
(194, '37.112.27.97', 1, '1335709829'),
(190, '88.155.212.46', 1, '1335653113'),
(191, '94.28.186.156', 1, '1335681254'),
(195, '176.15.230.68', 1, '1335711252'),
(200, '193.111.241.234', 1, '1335739639'),
(214, '94.180.224.99', 1, '1335815573'),
(213, '2.95.121.18', 1, '1335809997'),
(204, '46.216.34.61', 1, '1335781695'),
(205, '176.15.230.154', 1, '1335781991'),
(206, '31.133.32.139', 1, '1335785269'),
(334, '193.111.241.67', 1, '1336539993'),
(223, '37.112.27.90', 1, '1335880757'),
(218, '128.71.160.172', 1, '1335857344'),
(224, '188.187.128.107', 2, '1335891824'),
(226, '46.191.73.69', 1, '1335916879'),
(227, '188.234.23.234', 1, '1335932312'),
(228, '217.118.93.109', 1, '1335944489'),
(243, '37.112.10.209', 1, '1335992770'),
(233, '10.234.82.102', 1, '1335960457'),
(242, '128.71.169.248', 1, '1335984786'),
(240, '109.169.206.188', 1, '1335967729'),
(238, '10.233.164.186', 1, '1335965716'),
(239, '92.36.73.165', 1, '1335967200'),
(246, '178.177.232.196', 1, '1335994291'),
(258, '37.112.0.60', 1, '1336125845'),
(248, '213.87.133.122', 1, '1336027722'),
(249, '217.118.93.105', 1, '1336028693'),
(250, '95.139.184.165', 1, '1336034466'),
(257, '2.95.234.104', 1, '1336107988'),
(254, '78.106.139.201', 1, '1336066037'),
(259, '46.191.76.167', 1, '1336128471'),
(267, '95.30.171.51', 1, '1336243062'),
(264, '94.180.204.207', 1, '1336205730'),
(266, '193.111.241.94', 1, '1336240485'),
(268, '128.73.30.234', 1, '1336243460'),
(355, '193.111.241.80', 1, '1336671481'),
(272, '128.71.147.128', 1, '1336322887'),
(274, '92.49.219.203', 1, '1336324409'),
(275, '176.15.230.19', 1, '1336333966'),
(295, '95.139.173.22', 1, '1336382526'),
(279, '128.71.220.217', 1, '1336346094'),
(280, '37.112.9.112', 1, '1336351634'),
(287, '88.200.230.250', 1, '1336379512'),
(288, '93.85.128.237', 1, '1336380507'),
(290, '95.28.207.46', 1, '1336381175'),
(291, '92.49.195.113', 1, '1336382033'),
(336, '95.179.106.5', 1, '1336561545'),
(297, '31.133.37.13', 1, '1336383437'),
(298, '46.191.69.253', 1, '1336383688'),
(299, '92.36.82.180', 1, '1336383836'),
(300, '31.133.42.114', 2, '1336384834'),
(306, '178.22.55.203', 1, '1336391696'),
(303, '178.159.57.69', 1, '1336386172'),
(305, '95.30.132.225', 1, '1336389093'),
(307, '213.87.139.55', 1, '1336395910'),
(308, '95.73.74.209', 1, '1336399347'),
(312, '2.95.157.175', 1, '1336410723'),
(310, '176.221.3.118', 2, '1336401253'),
(313, '91.202.46.23', 1, '1336412911'),
(314, '78.31.240.172', 2, '1336414118'),
(315, '46.159.95.214', 1, '1336415935'),
(316, '95.139.140.153', 1, '1336417449'),
(319, '78.106.29.226', 1, '1336468851'),
(539, '176.100.43.243', 1, '1338727428'),
(323, '89.178.167.213', 1, '1336493709'),
(328, '176.214.96.114', 1, '1336506077'),
(326, '91.79.236.136', 1, '1336505638'),
(327, '128.72.127.234', 1, '1336505995'),
(329, '46.191.76.75', 1, '1336509400'),
(333, '128.71.91.177', 1, '1336514230'),
(332, '195.184.208.197', 1, '1336511734'),
(345, '128.71.210.114', 1, '1336607785'),
(337, '213.87.129.40', 1, '1336565313'),
(338, '46.188.8.193', 1, '1336568451'),
(339, '94.180.159.233', 1, '1336577327'),
(342, '92.49.208.246', 1, '1336590731'),
(343, '78.106.14.154', 1, '1336591701'),
(348, '128.71.23.68', 1, '1336640133'),
(347, '92.49.215.73', 1, '1336639770'),
(350, '92.255.218.3', 1, '1336653073'),
(354, '95.139.248.209', 1, '1336666712'),
(356, '93.178.68.122', 1, '1336679549'),
(357, '217.118.66.18', 2, '1336682044'),
(358, '31.41.8.210', 3, '1336705930'),
(359, '62.249.150.170', 1, '1336707810'),
(376, '193.111.241.100', 1, '1336849425'),
(361, '37.112.12.137', 1, '1336715311'),
(362, '94.28.234.242', 1, '1336718006'),
(363, '78.106.144.28', 1, '1336729900'),
(364, '80.234.118.9', 1, '1336738108'),
(365, '188.187.131.150', 1, '1336739590'),
(366, '91.222.221.75', 2, '1336747786'),
(367, '128.71.220.137', 1, '1336765642'),
(368, '94.180.162.128', 1, '1336768618'),
(369, '217.118.66.15', 1, '1336768732'),
(371, '95.139.132.67', 1, '1336804397'),
(372, '217.118.66.4', 1, '1336808538'),
(373, '2.95.27.50', 1, '1336816350'),
(374, '91.79.218.226', 1, '1336817834'),
(375, '176.215.64.197', 1, '1336826749'),
(390, '92.255.216.30', 1, '1336914617'),
(380, '217.118.66.5', 1, '1336857234'),
(381, '178.125.241.167', 1, '1336864776'),
(393, '2.95.234.62', 1, '1336940992'),
(389, '176.215.82.194', 1, '1336912199'),
(391, '193.111.241.66', 1, '1336914684'),
(395, '94.248.15.198', 1, '1336947723'),
(396, '31.23.70.144', 1, '1336959191'),
(397, '95.139.169.149', 1, '1336978269'),
(398, '2.95.12.177', 1, '1336992503'),
(399, '46.191.79.8', 1, '1336994728'),
(400, '128.71.147.187', 1, '1337009011'),
(401, '213.87.134.140', 1, '1337009766'),
(402, '94.180.134.255', 1, '1337012919'),
(403, '193.111.241.124', 1, '1337016299'),
(404, '89.178.167.138', 1, '1337020907'),
(405, '128.73.114.29', 1, '1337074251'),
(406, '37.112.6.128', 1, '1337075749'),
(407, '94.28.204.106', 1, '1337086853'),
(409, '188.187.132.172', 3, '1337110619'),
(410, '37.215.68.154', 1, '1337113205'),
(411, '128.71.144.213', 1, '1337157310'),
(412, '95.139.232.89', 1, '1337169165'),
(413, '213.87.128.197', 1, '1337175577'),
(414, '95.29.27.180', 1, '1337175690'),
(415, '193.111.241.78', 2, '1337182020'),
(417, '213.87.142.58', 1, '1337246372'),
(422, '94.180.192.191', 1, '1337385272'),
(419, '178.177.190.93', 1, '1337284814'),
(421, '94.248.28.150', 1, '1337380894'),
(425, '128.71.91.80', 1, '1337433710'),
(424, '178.176.87.123', 1, '1337422488'),
(428, '37.112.7.79', 1, '1337499904'),
(429, '193.111.241.57', 1, '1337507059'),
(430, '95.139.218.201', 1, '1337508815'),
(435, '193.111.241.197', 1, '1337578158'),
(439, '2.95.157.107', 1, '1337620415'),
(438, '193.111.241.236', 1, '1337616495'),
(445, '128.71.147.254', 1, '1337774935'),
(441, '194.48.218.22', 2, '1337709701'),
(443, '109.194.123.141', 1, '1337750527'),
(444, '95.139.185.162', 1, '1337768852'),
(446, '193.111.241.139', 1, '1337783404'),
(447, '195.88.72.198', 1, '1337783781'),
(448, '128.71.144.131', 1, '1337837792'),
(481, '193.111.241.83', 1, '1338228214'),
(450, '94.248.16.5', 1, '1337882008'),
(451, '2.92.168.103', 1, '1337884783'),
(452, '128.71.147.89', 1, '1337894978'),
(453, '95.139.136.153', 1, '1337920544'),
(454, '94.180.133.8', 1, '1337942759'),
(456, '92.241.255.209', 1, '1337949691'),
(457, '109.161.89.7', 2, '1338011153'),
(458, '2.92.180.31', 1, '1338013322'),
(461, '178.125.252.8', 1, '1338020154'),
(462, '109.126.146.100', 2, '1338039277'),
(464, '188.234.8.99', 1, '1338042044'),
(467, '109.194.126.109', 1, '1338049332'),
(468, '178.125.150.155', 1, '1338064684'),
(469, '128.71.91.198', 1, '1338072156'),
(470, '194.48.218.121', 1, '1338109227'),
(473, '95.139.219.243', 1, '1338141949'),
(474, '109.194.125.34', 1, '1338143439'),
(476, '79.104.200.140', 2, '1338194733'),
(477, '95.72.163.20', 1, '1338217643'),
(480, '46.191.69.76', 1, '1338227677'),
(482, '89.178.88.125', 1, '1338231551'),
(483, '94.180.166.21', 1, '1338243298'),
(485, '109.194.126.150', 1, '1338275276'),
(486, '2.92.141.249', 1, '1338275537'),
(487, '178.234.150.185', 1, '1338275643'),
(499, '94.180.253.148', 1, '1338400371'),
(489, '193.111.241.31', 1, '1338308392'),
(492, '176.215.71.131', 1, '1338315458'),
(493, '92.49.208.39', 1, '1338336024'),
(494, '10.231.207.160', 1, '1338358514'),
(495, '94.248.21.10', 1, '1338368482'),
(497, '95.139.241.154', 1, '1338374467'),
(498, '95.29.61.72', 1, '1338398265'),
(500, '188.187.140.21', 1, '1338401692'),
(504, '193.111.241.202', 1, '1338459229'),
(505, '92.36.35.210', 1, '1338470052'),
(519, '2.94.253.234', 1, '1338491245'),
(533, '193.111.241.36', 1, '1338721029'),
(516, '109.194.126.71', 1, '1338480673'),
(517, '178.176.200.99', 1, '1338481051'),
(511, '94.248.20.109', 1, '1338476191'),
(512, '94.180.233.153', 1, '1338477306'),
(514, '10.176.143.105', 1, '1338478090'),
(515, '195.88.72.204', 1, '1338479491'),
(518, '178.125.69.125', 1, '1338482242'),
(520, '176.215.84.87', 1, '1338494578'),
(521, '46.191.70.70', 1, '1338506914'),
(523, '95.139.194.9', 1, '1338539294'),
(525, '95.139.137.96', 1, '1338574377'),
(527, '2.95.132.71', 1, '1338636686'),
(528, '2.95.205.24', 1, '1338661055'),
(530, '94.180.164.121', 1, '1338711962'),
(532, '46.211.6.63', 2, '1338720821'),
(534, '109.194.123.94', 1, '1338721151'),
(535, '95.73.102.204', 1, '1338721208'),
(536, '10.235.15.81', 1, '1338724096'),
(538, '46.191.71.131', 2, '1338726595'),
(540, '93.80.127.232', 1, '1338741870'),
(541, '128.71.244.119', 1, '1338767812'),
(545, '193.111.241.16', 1, '1338799696'),
(547, '92.255.213.108', 1, '1338818765'),
(546, '128.72.61.212', 1, '1338812744'),
(548, '95.30.83.16', 1, '1338927170'),
(549, '128.71.13.30', 1, '1339009154'),
(550, '128.71.87.240', 1, '1339067910'),
(551, '193.111.241.121', 1, '1339147117'),
(552, '95.30.9.237', 1, '1339189104'),
(553, '2.95.205.157', 1, '1339264251'),
(555, '128.71.23.232', 1, '1339534112'),
(558, '128.71.79.10', 1, '1339626738'),
(559, '128.71.177.53', 1, '1339685099'),
(562, '2.95.205.182', 1, '1339799092'),
(563, '128.71.177.80', 1, '1339870963'),
(564, '77.73.139.82', 1, '1339940573'),
(565, '188.187.162.141', 1, '1339957949'),
(611, '84.14.121.155', 1, '1350655377'),
(593, '78.233.220.39', 2, '1340650712'),
(590, '83.149.3.225', 1, '1340410736'),
(595, '95.30.132.118', 1, '1341009470'),
(596, '128.71.57.183', 1, '1341191680'),
(598, '2.95.228.245', 1, '1341623047'),
(601, '128.71.23.62', 1, '1342064622'),
(602, '176.215.69.230', 1, '1342181982'),
(603, '2.95.160.143', 1, '1342532010'),
(604, '2.95.7.180', 1, '1342693351'),
(605, '2.95.160.54', 1, '1343254810'),
(606, '2.95.105.106', 1, '1344131496'),
(612, '193.111.241.17', 1, '1350737028'),
(614, '193.111.242.50', 1, '1350748110'),
(615, '193.111.242.9', 1, '1350758758'),
(618, '188.114.12.138', 1, '1381933540'),
(619, '81.200.247.173', 1, '1381934841'),
(620, '37.113.180.63', 1, '1381953028'),
(621, '86.57.164.233', 2, '1383492685');

-- --------------------------------------------------------

--
-- Структура таблицы `nja_shtraf`
--

CREATE TABLE IF NOT EXISTS `nja_shtraf` (
  `id` int(11) NOT NULL AUTO_INCREMENT,
  `uid` int(11) NOT NULL,
  `date` date NOT NULL,
  `ball` float DEFAULT NULL,
  `text` text,
  PRIMARY KEY (`id`),
  KEY `uid` (`uid`)
) ENGINE=MyISAM  DEFAULT CHARSET=utf8 AUTO_INCREMENT=527 ;

--
-- Дамп данных таблицы `nja_shtraf`
--

INSERT INTO `nja_shtraf` (`id`, `uid`, `date`, `ball`, `text`) VALUES
(242, 20, '2012-05-31', -15, ''),
(243, 21, '2012-05-31', 0, ''),
(3, 1, '2012-05-01', -15, ''),
(4, 5, '2012-05-01', 22, ''),
(5, 7, '2012-05-01', -30, '2 перса'),
(6, 9, '2012-05-01', -15, ''),
(8, 12, '2012-05-01', -15, ''),
(9, 16, '2012-05-01', -1, ''),
(241, 19, '2012-05-31', -15, ''),
(11, 19, '2012-05-01', -15, ''),
(235, 9, '2012-05-31', -2, ''),
(13, 23, '2012-05-01', -15, ''),
(14, 24, '2012-05-01', -15, ''),
(15, 25, '2012-05-01', -3, ''),
(16, 26, '2012-05-01', -15, ''),
(17, 27, '2012-05-01', -15, ''),
(18, 28, '2012-05-01', -15, ''),
(19, 29, '2012-05-01', -15, ''),
(20, 30, '2012-05-01', -10, ''),
(21, 33, '2012-05-01', -15, ''),
(275, 64, '2012-05-31', -15, ''),
(23, 37, '2012-05-01', -15, ''),
(24, 38, '2012-05-01', -10, ''),
(25, 39, '2012-05-01', -10, ''),
(26, 40, '2012-05-01', -8, ''),
(27, 43, '2012-05-01', -7, ''),
(28, 44, '2012-05-01', -15, ''),
(29, 45, '2012-05-01', 48, ''),
(523, 91, '2012-06-04', -155, 'Деньги'),
(31, 49, '2012-05-01', -14, ''),
(32, 50, '2012-05-01', -15, ''),
(33, 51, '2012-05-01', -15, ''),
(34, 52, '2012-05-01', 1, ''),
(35, 54, '2012-05-01', -5, ''),
(240, 18, '2012-05-31', 0, ''),
(37, 56, '2012-05-01', -15, ''),
(39, 59, '2012-05-01', 5, ''),
(40, 60, '2012-05-01', -15, ''),
(231, 1, '2012-05-31', -15, ''),
(42, 64, '2012-05-01', 15, ''),
(43, 66, '2012-05-01', -15, ''),
(44, 67, '2012-05-01', -15, ''),
(45, 70, '2012-05-01', -15, ''),
(46, 72, '2012-05-01', -15, ''),
(47, 74, '2012-05-01', 2, ''),
(48, 76, '2012-05-01', -15, ''),
(49, 78, '2012-05-01', -7, ''),
(50, 79, '2012-05-01', -15, ''),
(51, 80, '2012-05-01', 17, ''),
(52, 113, '2012-05-01', -4, ''),
(232, 5, '2012-05-31', -15, ''),
(526, 116, '2012-06-04', -12, 'Деньги'),
(463, 67, '2012-06-03', -50, '2 книги времени'),
(56, 91, '2012-05-01', -15, ''),
(57, 92, '2012-05-01', 15, ''),
(276, 66, '2012-05-31', 0, ''),
(59, 94, '2012-05-01', -15, ''),
(60, 95, '2012-05-01', -15, ''),
(237, 12, '2012-05-31', -15, ''),
(62, 102, '2012-05-01', 17, ''),
(64, 104, '2012-05-01', 29, ''),
(65, 106, '2012-05-01', 3, ''),
(66, 112, '2012-05-01', -3, ''),
(67, 110, '2012-05-01', 1, ''),
(68, 108, '2012-05-01', 1, ''),
(244, 23, '2012-05-31', -15, ''),
(245, 24, '2012-05-31', -15, ''),
(246, 25, '2012-05-31', -15, ''),
(247, 26, '2012-05-31', 0, ''),
(248, 27, '2012-05-31', -15, ''),
(249, 28, '2012-05-31', -15, ''),
(250, 29, '2012-05-31', -15, ''),
(251, 30, '2012-05-31', -8, ''),
(252, 33, '2012-05-31', -15, ''),
(253, 114, '2012-05-31', -4, ''),
(254, 37, '2012-05-31', -15, ''),
(255, 38, '2012-05-31', -15, ''),
(256, 39, '2012-05-31', -15, ''),
(257, 40, '2012-05-31', -15, ''),
(258, 41, '2012-05-31', 0, ''),
(260, 43, '2012-05-31', 0, ''),
(261, 44, '2012-05-31', -15, ''),
(262, 45, '2012-05-31', -15, ''),
(263, 48, '2012-05-31', -15, ''),
(264, 49, '2012-05-31', -6, ''),
(265, 50, '2012-05-31', -15, ''),
(266, 51, '2012-05-31', -15, ''),
(267, 52, '2012-05-31', 4, ''),
(268, 54, '2012-05-31', -11, ''),
(269, 56, '2012-05-31', -15, ''),
(464, 72, '2012-06-03', -247, 'дух ветра (7 шт)'),
(271, 59, '2012-05-31', -15, ''),
(272, 60, '2012-05-31', -15, ''),
(274, 62, '2012-05-31', 0, ''),
(468, 92, '2012-06-03', -1621, 'За 37 книг времени и 85 голда'),
(229, 99, '2012-05-10', -10, 'точка не соответствует планке приказа'),
(470, 99, '2012-06-03', -57, 'перевод Лину'),
(227, 95, '2012-05-10', -10, 'точка не соответствует планке приказа'),
(525, 108, '2012-06-04', -18, 'Деньги'),
(225, 74, '2012-05-10', -10, 'точка не соответствует планке приказа'),
(224, 72, '2012-05-10', -10, 'точка не соответствует планке приказа'),
(469, 94, '2012-06-03', -131, '3 голд хиры, 1 серебро'),
(467, 80, '2012-06-03', -118, 'Перья феникса'),
(222, 67, '2012-05-10', 1, 'точка не соответствует планке приказа'),
(221, 62, '2012-05-10', -10, 'точка не соответствует планке приказа'),
(220, 60, '2012-05-10', -10, 'точка не соответствует планке приказа'),
(465, 76, '2012-06-03', -53, 'За свиток перемен и 10 небесок'),
(238, 13, '2012-05-31', 0, ''),
(239, 16, '2012-05-31', -14, ''),
(217, 51, '2012-05-10', -10, 'точка не соответствует планке приказа'),
(215, 49, '2012-05-10', -10, 'точка не соответствует планке приказа'),
(216, 50, '2012-05-10', -10, 'точка не соответствует планке приказа'),
(214, 48, '2012-05-10', -10, 'точка не соответствует планке приказа'),
(213, 45, '2012-05-10', -10, 'точка не соответствует планке приказа'),
(212, 44, '2012-05-10', -10, 'точка не соответствует планке приказа'),
(471, 102, '2012-06-03', -118, 'Перья феникса'),
(522, 85, '2012-06-04', -66, 'Деньги'),
(210, 38, '2012-05-10', -10, 'точка не соответствует планке приказа'),
(209, 29, '2012-05-10', -10, 'не выложил куклу'),
(208, 28, '2012-05-10', -10, 'не выложил куклу'),
(207, 27, '2012-05-10', -10, 'не выложил куклу'),
(206, 25, '2012-05-10', -10, 'точка не соответствует планке приказа'),
(205, 23, '2012-05-10', -10, 'точка не соответствует планке приказа'),
(233, 6, '2012-05-31', 0, ''),
(234, 7, '2012-05-31', -15, ''),
(203, 16, '2012-05-10', -10, 'точка не соответствует планке приказа'),
(466, 79, '2012-06-03', -66, ''),
(460, 49, '2012-06-03', 57, 'от Смайла'),
(201, 9, '2012-05-10', -10, 'точка не соответствует планке приказа'),
(200, 6, '2012-05-10', -10, 'точка не соответствует планке приказа'),
(199, 1, '2012-05-10', -10, 'точка не соответствует планке приказа'),
(277, 67, '2012-05-31', -15, ''),
(278, 68, '2012-05-31', -15, ''),
(461, 59, '2012-06-03', 20, ''),
(280, 70, '2012-05-31', -15, ''),
(281, 72, '2012-05-31', -15, ''),
(282, 74, '2012-05-31', -15, ''),
(283, 76, '2012-05-31', 0, ''),
(284, 78, '2012-05-31', -11, ''),
(285, 79, '2012-05-31', -15, ''),
(286, 80, '2012-05-31', 17, ''),
(287, 113, '2012-05-31', -15, ''),
(288, 85, '2012-05-31', -15, ''),
(524, 110, '2012-06-04', -11, 'Деньги'),
(462, 66, '2012-06-03', -88, ''),
(291, 91, '2012-05-31', -15, ''),
(292, 92, '2012-05-31', -15, ''),
(294, 94, '2012-05-31', -15, ''),
(295, 95, '2012-05-31', -15, ''),
(297, 99, '2012-05-31', 0, ''),
(298, 102, '2012-05-31', 17, ''),
(459, 43, '2012-06-03', -174, ''),
(300, 104, '2012-05-31', -15, ''),
(301, 106, '2012-05-31', 0, ''),
(302, 112, '2012-05-31', -15, ''),
(303, 110, '2012-05-31', 3, ''),
(304, 108, '2012-05-31', 0, ''),
(305, 118, '2012-05-31', -15, ''),
(306, 116, '2012-05-31', 0, ''),
(307, 115, '2012-05-31', -15, ''),
(311, 78, '2012-05-30', -29, 'в пользу Лича'),
(310, 6, '2012-05-30', 29, 'от Вивонки'),
(312, 19, '2012-05-15', -33, 'в пользу Гарлика'),
(458, 40, '2012-06-03', -297, 'За 40 небесок и 30 подземок'),
(457, 39, '2012-06-03', -410, 'За небесные украшения'),
(456, 33, '2012-06-03', -174, '5 Книг времени+хира'),
(454, 16, '2012-06-03', -7, 'Смайлы-тигрята'),
(455, 19, '2012-06-03', -978, '139 небесных книг'),
(453, 12, '2012-06-03', -76, ''),
(521, 78, '2012-06-04', -54, 'Деньги'),
(520, 74, '2012-06-04', -53, 'Деньги'),
(519, 70, '2012-06-04', -12, 'Деньги'),
(518, 68, '2012-06-04', -63, 'Деньги'),
(517, 62, '2012-06-04', -34, 'Деньги'),
(516, 54, '2012-06-04', -26, 'Деньги'),
(515, 52, '2012-06-04', -16, 'Деньги'),
(514, 51, '2012-06-04', -54, 'Деньги'),
(513, 50, '2012-06-04', -57, 'Деньги'),
(512, 48, '2012-06-04', -47, 'Деньги'),
(511, 114, '2012-06-04', -15, 'Деньги'),
(510, 30, '2012-06-04', -87, 'Деньги'),
(509, 29, '2012-06-04', -15, 'Деньги'),
(508, 26, '2012-06-04', -36, 'Деньги'),
(507, 24, '2012-06-04', -59, 'Деньги'),
(506, 21, '2012-06-04', -277, 'Деньги'),
(505, 20, '2012-06-04', -150, 'Деньги'),
(504, 13, '2012-06-04', -19, 'Деньги'),
(503, 7, '2012-06-04', -286, 'Деньги');

-- --------------------------------------------------------

--
-- Структура таблицы `nja_sklad`
--

CREATE TABLE IF NOT EXISTS `nja_sklad` (
  `id` int(11) NOT NULL AUTO_INCREMENT,
  `uid` int(11) NOT NULL,
  `date` date NOT NULL,
  `ball` float DEFAULT NULL,
  `text` text,
  PRIMARY KEY (`id`),
  KEY `uid` (`uid`)
) ENGINE=MyISAM  DEFAULT CHARSET=utf8 AUTO_INCREMENT=127 ;

--
-- Дамп данных таблицы `nja_sklad`
--

INSERT INTO `nja_sklad` (`id`, `uid`, `date`, `ball`, `text`) VALUES
(19, 62, '2012-04-22', -80, 'Выдали: '),
(40, 102, '2012-05-01', -70, 'Выдали: Рубин 9'),
(16, 48, '2012-04-22', -80, 'Выдали: '),
(14, 104, '2012-04-08', -60, 'Выдали: '),
(17, 5, '2012-04-22', -80, 'Выдали: '),
(8, 43, '2012-04-08', -80, 'Выдали: '),
(15, 43, '2012-04-22', -80, 'Выдали: '),
(87, 60, '2012-05-31', -70, 'Выдали: Рубин 9'),
(39, 43, '2012-05-01', -80, 'Выдали: Янтарь 9'),
(20, 49, '2012-04-22', -60, 'Выдали: '),
(21, 25, '2012-04-22', -70, 'Выдали: '),
(41, 52, '2012-05-01', -70, 'Выдали: Рубин 9'),
(24, 43, '2012-04-18', -80, 'Выдали: '),
(37, 79, '2012-04-23', -300, 'Выдали: '),
(26, 40, '2012-04-17', -70, 'Выдали: '),
(27, 40, '2012-04-18', -70, 'Выдали: '),
(28, 40, '2012-04-19', -70, 'Выдали: '),
(29, 40, '2012-04-20', -70, 'Выдали: '),
(30, 40, '2012-04-23', -70, 'Выдали: '),
(32, 94, '2012-04-23', -70, 'Выдали: '),
(33, 76, '2012-04-23', -80, 'Выдали: '),
(34, 49, '2012-04-23', -70, 'Выдали: '),
(38, 26, '2012-05-01', -70, 'Выдали: Рубин 9'),
(85, 12, '2012-05-20', -70, 'Выдали: Рубин 9'),
(42, 104, '2012-05-01', -80, 'Выдали: Янтарь 9'),
(43, 80, '2012-05-12', -25, 'Выдали: Книга времени'),
(44, 80, '2012-05-11', -25, 'Выдали: Книга времени'),
(45, 80, '2012-05-10', -25, 'Выдали: Книга времени'),
(46, 80, '2012-05-09', -25, 'Выдали: Книга времени'),
(47, 80, '2012-05-08', -25, 'Выдали: Книга времени'),
(48, 80, '2012-05-07', -25, 'Выдали: Книга времени'),
(49, 80, '2012-05-06', -25, 'Выдали: Книга времени'),
(50, 80, '2012-05-05', -25, 'Выдали: Книга времени'),
(51, 80, '2012-05-04', -25, 'Выдали: Книга времени'),
(52, 80, '2012-05-03', -25, 'Выдали: Книга времени'),
(53, 50, '2012-05-12', -70, 'Выдали: Рубин 9'),
(54, 52, '2012-05-12', -70, 'Выдали: Рубин 9'),
(55, 108, '2012-05-12', -80, 'Выдали: Янтарь 9'),
(56, 104, '2012-05-12', -80, 'Выдали: Янтарь 9'),
(57, 5, '2012-05-12', -80, 'Выдали: Янтарь 9'),
(60, 24, '2012-05-12', -70, 'Выдали: Рубин 9'),
(59, 43, '2012-05-12', -80, 'Выдали: Янтарь 9'),
(61, 59, '2012-05-13', -200, 'Выдали: ПВО'),
(63, 43, '2012-05-20', -80, 'Выдали: Янтарь 9'),
(64, 43, '2012-05-19', -80, 'Выдали: Янтарь 9'),
(65, 49, '2012-05-06', -25, 'Выдали: Книга времени'),
(66, 49, '2012-05-07', -25, 'Выдали: Книга времени'),
(67, 49, '2012-05-08', -25, 'Выдали: Книга времени'),
(68, 49, '2012-05-09', -25, 'Выдали: Книга времени'),
(69, 49, '2012-05-10', -25, 'Выдали: Книга времени'),
(70, 49, '2012-05-11', -25, 'Выдали: Книга времени'),
(71, 49, '2012-05-12', -25, 'Выдали: Книга времени'),
(72, 49, '2012-05-13', -25, 'Выдали: Книга времени'),
(73, 49, '2012-05-14', -25, 'Выдали: Книга времени'),
(74, 49, '2012-05-15', -25, 'Выдали: Книга времени'),
(75, 49, '2012-05-16', -25, 'Выдали: Книга времени'),
(76, 49, '2012-05-17', -25, 'Выдали: Книга времени'),
(77, 49, '2012-05-18', -25, 'Выдали: Книга времени'),
(78, 49, '2012-05-19', -25, 'Выдали: Книга времени'),
(79, 49, '2012-05-20', -25, 'Выдали: Книга времени'),
(80, 49, '2012-05-21', -25, 'Выдали: Книга времени'),
(81, 49, '2012-05-22', -25, 'Выдали: Книга времени'),
(82, 49, '2012-05-23', -25, 'Выдали: Книга времени'),
(83, 49, '2012-05-24', -25, 'Выдали: Книга времени'),
(84, 49, '2012-05-25', -25, 'Выдали: Книга времени'),
(86, 54, '2012-05-28', -80, 'Выдали: Янтарь 9'),
(88, 52, '2012-05-29', -70, 'Выдали: Рубин 9'),
(89, 52, '2012-05-30', -70, 'Выдали: Рубин 9'),
(90, 52, '2012-05-31', -70, 'Выдали: Рубин 9'),
(91, 110, '2012-05-31', -60, 'Выдали: Сапфир 10'),
(92, 54, '2012-05-31', -80, 'Выдали: Янтарь 9'),
(93, 19, '2012-05-31', -400, 'Выдали: ПВО'),
(95, 59, '2012-06-03', -80, 'Выдали: Янтарь 9'),
(96, 59, '2012-06-02', -80, 'Выдали: Янтарь 9'),
(97, 45, '2012-06-03', -80, 'Выдали: Янтарь 9'),
(98, 45, '2012-06-02', -80, 'Выдали: Янтарь 9'),
(99, 45, '2012-06-01', -25, 'Выдали: Книга времени'),
(100, 39, '2012-06-01', -80, 'Выдали: Янтарь 9'),
(101, 39, '2012-06-02', -80, 'Выдали: Янтарь 9'),
(102, 39, '2012-06-03', -80, 'Выдали: Янтарь 9'),
(103, 39, '2012-05-31', -80, 'Выдали: Янтарь 9'),
(104, 25, '2012-06-03', -25, 'Выдали: Книга времени'),
(105, 38, '2012-06-03', -25, 'Выдали: Книга времени'),
(106, 5, '2012-06-02', -70, 'Выдали: Рубин 9'),
(107, 5, '2012-06-03', -70, 'Выдали: Рубин 9'),
(108, 5, '2012-06-01', -70, 'Выдали: Рубин 9'),
(109, 104, '2012-06-01', -70, 'Выдали: Рубин 9'),
(110, 37, '2012-06-02', -70, 'Выдали: Рубин 9'),
(111, 37, '2012-06-03', -70, 'Выдали: Рубин 9'),
(112, 67, '2012-06-02', -70, 'Выдали: Рубин 9'),
(113, 67, '2012-06-03', -70, 'Выдали: Рубин 9'),
(114, 106, '2012-06-03', -60, 'Выдали: Сапфир 10'),
(115, 18, '2012-06-03', -70, 'Выдали: Рубин 9'),
(116, 30, '2012-06-01', -70, 'Выдали: Рубин 9'),
(117, 30, '2012-06-02', -70, 'Выдали: Рубин 9'),
(118, 30, '2012-06-03', -70, 'Выдали: Рубин 9'),
(119, 30, '2012-05-29', -30, 'Выдали: Сапфир 9'),
(120, 30, '2012-05-30', -30, 'Выдали: Сапфир 9'),
(121, 30, '2012-05-31', -30, 'Выдали: Сапфир 9'),
(122, 44, '2012-06-03', -80, 'Выдали: Янтарь 9'),
(123, 21, '2012-06-04', -80, 'Выдали: Янтарь 9'),
(124, 21, '2012-06-03', -30, 'Выдали: Сапфир 9'),
(125, 21, '2012-06-02', -60, 'Выдали: Сапфир 10'),
(126, 51, '2012-06-04', -10, 'Выдали: Топаз 9');

-- --------------------------------------------------------

--
-- Структура таблицы `nja_users`
--

CREATE TABLE IF NOT EXISTS `nja_users` (
  `id` int(11) NOT NULL AUTO_INCREMENT,
  `name` varchar(120) NOT NULL,
  `priem` date NOT NULL,
  `class` tinyint(4) NOT NULL,
  `ball` float NOT NULL DEFAULT '0',
  `lvl` smallint(6) NOT NULL DEFAULT '0',
  `pwcalc` varchar(120) NOT NULL DEFAULT 'http://pwcalc.ru',
  `active` tinyint(1) NOT NULL DEFAULT '1',
  PRIMARY KEY (`id`)
) ENGINE=MyISAM  DEFAULT CHARSET=utf8 AUTO_INCREMENT=119 ;

--
-- Дамп данных таблицы `nja_users`
--

INSERT INTO `nja_users` (`id`, `name`, `priem`, `class`, `ball`, `lvl`, `pwcalc`, `active`) VALUES
(1, '!ЯR!', '2010-08-19', 2, 44.41, 101, 'http://pwcalc.ru', 1),
(5, '<=Angel=>', '2011-09-03', 3, 266.05, 101, 'http://pwcalc.ru/d36ae2a2d2593038', 1),
(6, '<Lich>', '2011-06-03', 2, -25.93, 100, 'http://pwcalc.ru', 1),
(7, '=SlippY=', '2010-02-14', 7, 331.19, 101, 'http://pwcalc.ru/a0a716c44e4bc26c', 1),
(9, '[Риба]', '2011-11-18', 7, -1.42, 99, 'http://pwcalc.ru', 1),
(12, 'Aizon', '2011-12-11', 4, 66.05, 101, 'http://pwcalc.ru', 1),
(13, 'Anica', '2012-02-06', 4, 12.57, 101, 'http://pwcalc.ru/3ccba208f0b6457a', 1),
(16, 'bebebe', '2011-07-12', 5, 20.89, 100, 'http://pwcalc.ru/3b6fccd74d1f91b9', 1),
(18, 'Caesaris', '2012-01-27', 4, 70.88, 100, 'http://pwcalc.ru/667960db8920a321', 1),
(19, 'caxap', '2010-06-05', 1, 1205.8, 102, 'http://pwcalc.ru/879301fbe5a8009c', 1),
(20, 'Chеrry', '2009-11-23', 6, 9.21, 101, 'http://pwcalc.ru/63d57505fb6c66ca', 1),
(21, 'Colombin@', '2010-11-22', 6, 413.83, 100, 'http://pwcalc.ru/7335a9db9b9c9091', 1),
(23, 'Dayanna', '2011-06-22', 1, 19.56, 100, 'http://pwcalc.ru', 1),
(24, 'Dementia', '2012-03-21', 6, 12.97, 101, 'http://pwcalc.ru/86f41c579636c537', 1),
(25, 'Destroy', '2010-10-18', 6, 97.28, 100, 'http://pwcalc.ru/a8548375ff505c1d', 1),
(26, 'Dixy', '2011-04-25', 4, 53.02, 100, 'http://pwcalc.ru/10e428a2c6dd7f4f', 1),
(27, 'Dominiiik', '2012-02-16', 1, -11.91, 100, 'http://pwcalc.ru', 1),
(28, 'DONBender', '2011-04-14', 1, 18.93, 101, 'http://pwcalc.ru', 1),
(29, 'drey', '2012-03-10', 1, 0.94, 100, 'http://pwcalc.ru/ef6d581c7195be89', 1),
(30, 'DrАйБолит', '2010-07-01', 4, 404.92, 100, 'http://pwcalc.ru/df5329f98016741d', 1),
(33, 'FallenDI', '2012-01-27', 4, 77.11, 101, 'http://pwcalc.ru/864367da602ff1f4', 1),
(114, 'Убивашkа', '2012-04-26', 7, 0, 101, 'http://www.pwcalc.ru/665ccda7f72045f5', 1),
(37, 'Groza', '2009-12-18', 6, 86.32, 100, 'http://pwcalc.ru/0f8ec41df458f17f', 1),
(38, 'GоR', '2012-01-15', 7, 32.31, 100, 'http://pwcalc.ru', 1),
(39, 'Haxalka', '2010-03-18', 6, 656.95, 101, 'http://pwcalc.ru/2f3980689f0667be', 1),
(40, 'Hitsi', '2011-05-30', 1, 351.16, 101, 'http://pwcalc.ru/79659f5f7d391e04', 1),
(41, 'Hotter', '2011-08-21', 5, -1.39, 100, 'http://pwcalc.ru', 1),
(43, 'Kei[na]', '2010-11-08', 3, 100.97, 102, 'http://pwcalc.ru/e17701f3f040455c', 1),
(44, 'Legestel', '2012-02-28', 3, 42.87, 100, 'http://pwcalc.ru', 1),
(45, 'Leksoid', '2009-10-29', 7, 89.79, 100, 'http://pwcalc.ru/3da2c96920d64182', 1),
(48, 'MaoMeow', '2011-06-20', 4, 63.03, 101, 'http://www.pwcalc.ru/618a19ee0402aa95', 1),
(49, 'MasterLin', '2011-09-10', 4, 165.67, 100, 'http://pwcalc.ru/246cfc050bac4bc4', 1),
(50, 'naspret', '2011-04-24', 9, 41.54, 101, 'http://pwcalc.ru', 1),
(51, 'NoCoomenT', '2011-10-05', 1, 51.01, 101, 'http://pwcalc.ru', 1),
(52, 'NOL', '2011-07-07', 4, 149.92, 101, 'http://pwcalc.ru/676dff398831001b', 1),
(54, 'Odvin', '2011-12-07', 3, 154.25, 101, 'http://pwcalc.ru/93c31a7d49679c0f', 1),
(56, 'persiK', '2011-03-01', 5, -30.85, 100, 'http://pwcalc.ru', 1),
(59, 'Rust3d', '2012-02-15', 3, 100.19, 101, 'http://pwcalc.ru/db51ba19ea769503', 1),
(60, 's()f!a', '2011-12-03', 6, 20.04, 100, 'http://pwcalc.ru/bc13349f07b10997', 1),
(62, 'Sakutaro', '2011-06-26', 3, 51.87, 101, 'http://pwcalc.ru/eaa58d972b877a7f', 1),
(64, 'Shizо4ka~', '2010-10-11', 1, 7.93, 101, 'http://pwcalc.ru', 1),
(66, 'Silvo4ka', '2012-01-01', 4, 0, 101, 'http://pwcalc.ru', 1),
(67, 'skrepka', '2010-04-07', 6, 205.33, 101, 'http://pwcalc.ru/d688d6c7896291d5', 1),
(68, 'SoulFuor', '2011-04-24', 7, 61.9, 90, 'http://pwcalc.ru', 1),
(70, 'trikl', '2010-03-17', 5, 37.8, 101, 'http://pwcalc.ru/fd3824c4fa43e12e', 1),
(72, 'Tsesar', '2011-12-27', 1, 152.58, 99, 'http://pwcalc.ru', 1),
(74, 'URL1973', '2010-11-22', 5, 44.12, 102, 'http://pwcalc.ru/b48f98172bc54169', 1),
(76, 'VioletSkr', '2011-07-14', 1, 83.66, 100, 'http://pwcalc.ru/737d3bf39e5c4484', 1),
(78, 'Vivonka', '2011-08-06', 7, 3.97, 102, 'http://pwcalc.ru/ebb7d8b7f2012e14', 1),
(79, 'white[43]', '2011-08-03', 2, 314.18, 100, 'http://pwcalc.ru', 1),
(80, 'Wlasss', '2012-01-10', 5, 49.13, 101, 'http://www.pwcalc.ru/616fb3440dc8a895', 1),
(113, 'Virgo)', '2012-04-22', 7, 0, 101, 'http://pwcalc.ru', 1),
(85, 'Алва', '2011-08-14', 6, 80.31, 101, 'http://pwcalc.ru/ec9c31133c0b1d01', 1),
(91, 'Болат', '2010-03-24', 1, 155.12, 103, 'http://pwcalc.ru/7fb5dc5ce1ec564b', 1),
(92, 'Вук', '2010-01-09', 6, 1452.89, 101, 'http://pwcalc.ru/a3054269dbe9bd8b', 1),
(94, 'ЖЁСТКИЙ', '2011-11-17', 7, 104.16, 101, 'http://pwcalc.ru/0c8db6acc9eb7add', 1),
(95, 'Клаус', '2011-10-18', 7, 32.17, 99, 'http://pwcalc.ru', 1),
(99, 'СмАйЛыГГ', '2011-05-03', 7, 27.71, 100, 'http://pwcalc.ru', 1),
(102, 'ЭЙДЖИЛ', '2012-04-09', 6, 79.14, 100, 'http://www.pwcalc.ru/2747985e3a33cee9', 1),
(104, 'Яоныч', '2011-04-23', 2, 74.62, 102, 'http://pwcalc.ru/d105b7d1cd035127', 1),
(106, 'особа_Я', '2012-01-09', 4, 45.78, 101, 'http://pwcalc.ru/f38945d301c44c7e', 1),
(112, 'koT3', '2012-04-25', 5, 0, 96, 'http://pwcalc.ru/ab196371bd7d34ab', 1),
(110, 'NoaH', '2012-04-19', 4, 0, 100, 'http://www.pwcalc.ru/75dc5813bf274943', 1),
(108, 'akbelus', '2012-04-05', 3, 0, 100, 'http://www.pwcalc.ru/33568369ab668744', 1),
(118, 'AzaZEL', '2012-05-08', 4, 0, 100, '', 1),
(116, 'Ponyo', '2012-05-16', 7, 0, 85, '', 1),
(115, 'PaiR', '2012-04-30', 5, 0, 90, 'http://pwcalc.ru/310544e1ea10e0c5', 1);

/*!40101 SET CHARACTER_SET_CLIENT=@OLD_CHARACTER_SET_CLIENT */;
/*!40101 SET CHARACTER_SET_RESULTS=@OLD_CHARACTER_SET_RESULTS */;
/*!40101 SET COLLATION_CONNECTION=@OLD_COLLATION_CONNECTION */;
